player_name,yearDraft,yearCombine,numberPickOverall,position,height,weight,wingspan,reach_standing,standing_vertical,max_vertical,bench_reps,timeLaneAgility,timeThreeQuarterCourtSprint,lengthHand,widthHand,body_fat_pct,drafted
Nolan Smith,2011.0,2011,21.0,PG,186.7,85.1,196.8,251.5,72.4,86.4,9.0,11.0,3.2,21.6,23.5,5.6,True
Bradley Beal,2012.0,2012,3.0,SG,191.1,91.5,203.2,254.0,83.8,99.1,8.0,11.0,3.3,21.6,22.9,6.0,True
Speedy Claxton,2000.0,2000,20.0,PG,179.1,75.3,182.9,240.0,91.4,108.0,6.0,10.5,3.1,,,,True
Chandler Parsons,2011.0,2011,38.0,SF,205.1,100.3,207.0,265.4,64.8,80.0,4.0,11.0,3.3,21.0,25.4,7.0,True
Mike Taylor,2008.0,2008,55.0,SG-PG,184.8,75.4,201.3,248.9,78.7,99.1,2.0,11.0,3.1,,,3.8,True
Rudy Fernandez,2007.0,2005,24.0,SG,194.9,78.0,201.9,257.8,67.3,90.2,0.0,10.5,3.3,,,,True
Torin Francis,,2006,,PF-C,205.7,112.0,215.9,268.0,67.3,81.3,9.0,12.0,3.5,,,12.4,False
Russell Robinson,,2008,,PG,184.2,88.9,203.2,255.3,63.5,80.0,8.0,11.3,3.2,,,7.4,False
Evan Turner,2010.0,2010,2.0,SG,197.5,97.0,203.2,262.9,69.8,87.6,9.0,11.1,3.3,22.2,24.1,8.6,True
Ron Slay,,2003,,SF-PF,198.1,107.0,208.3,262.9,72.4,80.0,10.0,12.0,3.4,,,16.3,False
Gerald Green,2005.0,2005,18.0,SF,198.1,87.1,207.6,264.2,80.0,99.1,7.0,11.2,3.2,,,,True
Randy Holcomb,2002.0,2002,56.0,SF-PF,200.7,102.1,215.9,266.7,74.9,90.2,15.0,12.8,3.2,,,,True
DeAndre Daniels,2014.0,2014,37.0,SF,201.3,88.9,218.4,270.5,67.3,81.3,,11.5,3.4,23.5,26.7,3.8,True
Russ Smith,2014.0,2014,47.0,PG,181.6,72.6,191.8,241.3,74.9,86.4,,11.6,3.3,21.0,21.6,3.5,True
Isaiah Thomas,2011.0,2011,60.0,PG,174.6,84.4,187.3,232.4,80.0,101.6,13.0,10.5,3.1,21.0,22.9,6.7,True
Marcus Thornton,2015.0,2015,45.0,PG-SG,187.3,80.5,202.6,247.6,87.6,109.2,3.0,10.8,3.0,21.0,21.6,5.3,True
Chris Bosh,2003.0,2003,4.0,PF,208.9,102.1,222.2,276.9,77.5,83.8,9.0,11.8,3.3,,,8.0,True
Adam Allenspach,,2001,,C,212.1,117.5,214.6,271.8,72.4,78.7,16.0,11.9,3.4,,,12.4,False
Marquis Teague,2012.0,2012,29.0,PG,185.4,81.6,201.3,245.1,82.6,102.9,8.0,10.6,3.2,21.0,19.7,6.3,True
Otto Porter,2013.0,2013,3.0,SF,201.9,89.6,217.2,268.0,68.6,91.4,9.0,11.2,3.4,22.2,23.5,6.6,True
Shelvin Mack,2011.0,2011,34.0,PG,185.4,94.8,201.9,245.1,81.3,99.1,17.0,11.2,3.2,21.0,23.5,7.1,True
Eric Paschall,2019.0,2019,41.0,SF,198.1,115.4,222.9,262.9,83.8,96.5,18.0,11.6,3.3,22.9,24.1,6.3,True
Carsen Edwards,2019.0,2018,33.0,PG,179.7,88.7,198.8,240.0,72.4,87.6,12.0,11.6,3.2,21.6,23.5,6.3,True
Maarty Leunen,,2008,,SF,201.3,100.7,203.2,260.4,74.9,87.6,14.0,11.6,3.4,,,8.9,False
Souleymane Wane,,2001,,C,204.5,106.6,226.1,276.9,73.7,77.5,9.0,12.0,3.5,,,11.2,False
Jarvis Varnado,,2010,,PF-C,203.8,95.3,222.2,278.1,74.9,82.6,3.0,11.6,3.4,23.5,24.1,9.5,False
Charlie Bell,,2001,,PG,189.2,90.7,201.9,247.6,80.0,96.5,15.0,10.6,3.1,,,6.7,False
Sagaba Konate,,2018,,C,199.4,111.6,213.4,270.5,80.0,88.9,12.0,12.3,3.3,23.5,25.4,7.4,False
Ryan Humphrey,2002.0,2002,19.0,PF-SF,198.1,101.2,213.4,265.4,80.0,95.2,13.0,11.8,3.2,,,,True
Nick Johnson,2014.0,2014,42.0,SG,186.7,89.8,201.3,245.1,85.1,105.4,,10.8,3.3,22.2,24.8,6.0,True
Harrison Barnes,2012.0,2012,7.0,SF-SG,200.7,103.3,211.5,257.8,96.5,100.3,15.0,10.9,3.2,22.9,21.6,9.6,True
Jae Crowder,2012.0,2012,34.0,SF,194.9,109.4,206.4,252.7,78.7,87.6,20.0,11.4,3.4,24.1,26.7,9.0,True
Eric Gordon,2008.0,2008,7.0,SG,188.0,100.7,205.7,251.5,81.3,101.6,15.0,10.8,3.0,,,8.2,True
Donte DiVincenzo,2018.0,2018,17.0,SG,191.8,91.0,198.1,247.6,87.6,106.7,12.0,10.7,3.1,21.0,22.9,5.0,True
Ryan Carroll,,2001,,SF-SG,193.0,91.6,203.8,251.5,87.6,99.1,14.0,11.0,3.1,,,8.0,False
Louis King,,2019,,SF,200.0,88.5,214.0,265.4,73.7,83.8,0.0,11.0,3.3,20.3,21.6,4.8,False
Jordan Crawford,2010.0,2010,27.0,SG,190.5,90.0,200.7,256.5,80.0,87.6,7.0,11.0,3.4,20.3,22.9,4.9,True
Nik Stauskas,2014.0,2014,8.0,SG,196.2,93.8,202.6,259.1,73.7,90.2,,10.8,3.3,21.6,21.6,12.0,True
Jordan Poole,2019.0,2019,28.0,SG,191.8,86.5,200.0,252.7,71.1,90.2,,10.6,3.3,21.0,21.6,7.5,True
Miles Plumlee,2012.0,2012,26.0,PF-C,209.6,114.5,215.3,268.0,86.4,102.9,15.0,10.6,3.4,23.5,22.9,11.4,True
Demetris Nichols,2007.0,2007,53.0,SF,198.1,95.7,214.0,266.7,72.4,82.6,16.0,10.4,3.4,,,6.2,True
P.J. Hairston,2014.0,2014,26.0,SG,193.7,103.8,205.7,256.5,81.3,94.0,,11.1,3.3,22.2,24.8,8.2,True
Paul Millsap,2006.0,2006,47.0,PF,198.8,117.0,217.2,268.0,72.4,82.6,15.0,11.7,3.3,,,9.7,True
Sam Dekker,2015.0,2015,18.0,SF,202.6,99.2,212.1,269.2,64.8,87.6,5.0,10.6,3.3,21.6,23.5,7.5,True
Dedric Lawson,,2019,,PF,200.7,105.7,219.1,273.0,59.7,66.0,10.0,11.8,3.6,24.8,24.8,8.9,False
Dakari Johnson,2015.0,2015,48.0,C,210.8,120.0,218.4,284.5,57.2,63.5,4.0,11.8,3.6,23.5,26.7,14.9,True
Channing Frye,2005.0,2005,8.0,PF-C,207.0,110.5,219.7,280.7,69.8,78.7,19.0,11.6,3.4,,,,True
Gani Lawal,2010.0,2010,46.0,PF,201.9,105.9,213.4,273.0,68.6,80.0,20.0,11.6,3.2,21.6,25.4,6.3,True
Kenneth Faried,2011.0,2011,22.0,PF,198.1,101.9,213.4,274.3,77.5,88.9,16.0,11.4,3.3,21.6,26.0,6.3,True
Harry Giles,2017.0,2017,20.0,PF,206.4,105.2,221.6,278.1,68.6,82.6,5.0,11.1,3.3,24.1,27.3,5.2,True
Joah Tucker,,2006,,SF-SG,192.4,101.6,199.4,252.7,73.7,86.4,19.0,11.6,3.3,,,7.0,False
Cole Aldrich,2010.0,2010,11.0,C,205.7,107.0,225.4,283.2,58.4,71.1,10.0,11.5,3.4,22.9,23.5,8.5,True
Stephane Pelle,,2003,,PF-SF,200.7,111.6,218.4,271.8,72.4,83.8,17.0,11.4,3.3,,,12.4,False
Coby Karl,,2007,,SG-PG,190.5,92.5,210.8,252.7,81.3,87.6,9.0,11.6,3.4,,,5.4,False
Devin Ebanks,2010.0,2010,43.0,SF,200.7,94.3,214.0,273.0,59.7,81.3,6.0,11.7,3.4,21.0,22.9,7.9,True
Luke Harangody,2010.0,2010,52.0,PF,198.1,109.0,207.0,269.2,61.0,72.4,23.0,11.8,3.4,22.2,24.8,11.1,True
Rashad Jones-Jennings,,2007,,PF,198.1,106.6,213.4,268.0,63.5,76.2,20.0,12.2,3.3,,,5.9,False
Sherron Collins,,2010,,PG,178.4,98.5,189.2,238.8,69.8,83.8,,12.3,3.2,21.6,24.1,9.2,False
Darius Johnson-Odom,2012.0,2012,55.0,SG,186.7,96.2,200.7,243.8,85.1,105.4,17.0,10.8,3.2,22.2,22.2,7.0,True
Marcus Lee,,2016,,PF-C,205.7,95.7,221.0,273.0,72.4,90.2,,11.7,3.2,22.9,22.9,5.4,False
Kyle Korver,2003.0,2003,51.0,SF,198.8,95.7,207.0,260.4,64.8,80.0,13.0,11.4,3.5,,,6.7,True
Joey Dorsey,2008.0,2008,33.0,PF-C,198.8,120.2,217.8,271.8,69.8,83.8,19.0,11.8,3.2,,,9.0,True
C.J. Wilcox,2014.0,2014,28.0,SG,191.8,91.2,207.6,255.3,78.7,95.2,,11.3,3.2,22.2,22.9,6.5,True
James Young,2014.0,2014,17.0,SG,196.2,96.8,213.4,264.2,71.1,90.2,,,,22.9,24.1,5.1,True
TJ Leaf,2017.0,2017,18.0,PF,205.1,100.8,210.8,271.8,73.7,87.6,6.0,11.6,3.3,21.6,24.1,6.8,True
Primoz Brezec,2000.0,2000,27.0,C,215.3,110.2,218.4,279.4,66.0,74.9,,11.5,3.6,,,,True
Wade Baldwin IV,2016.0,2016,17.0,PG,189.2,91.5,211.5,254.0,82.6,96.5,,10.4,3.2,22.9,24.8,5.2,True
Monte Morris,2017.0,2017,51.0,PG,186.1,79.5,193.0,245.1,71.1,85.1,8.0,11.0,3.2,21.0,22.2,6.9,True
Michael Frazier II,,2015,,SG,192.4,90.4,203.2,257.8,68.6,88.9,10.0,10.7,3.3,21.0,23.5,7.4,False
Benjamin Eze,,2001,,C-PF,205.1,105.2,228.6,276.9,73.7,81.3,14.0,13.0,3.4,,,3.9,False
Derrick Rose,2008.0,2008,1.0,PG,186.7,88.9,203.2,250.2,87.6,101.6,10.0,11.7,3.0,,,4.6,True
Andy Rautins,2010.0,2010,38.0,SG,193.7,86.9,200.7,254.0,59.7,77.5,8.0,11.3,3.5,20.3,24.8,6.2,True
Tobias Harris,2011.0,2011,19.0,SF-PF,199.4,101.1,210.8,262.9,80.0,95.2,12.0,11.0,3.2,22.2,22.9,8.4,True
Travis Leslie,2011.0,2011,47.0,SG,190.5,93.0,209.6,261.6,83.8,102.9,10.0,11.0,3.1,22.2,23.5,8.1,True
Justin Anderson,2015.0,2015,21.0,SF-SG,196.2,104.6,212.7,256.5,96.5,109.2,12.0,11.1,3.2,21.6,24.1,5.0,True
Gilbert Arenas,2001.0,2001,30.0,SG,188.6,90.3,207.0,252.7,80.0,91.4,12.0,,3.2,,,5.3,True
Jalen Hoard,,2019,,PF,201.3,96.4,215.3,268.0,69.8,90.2,8.0,11.4,3.3,22.2,24.8,6.7,False
Romain Sato,2004.0,2004,52.0,SG,188.0,92.5,210.8,260.4,80.0,90.2,8.0,11.3,3.2,,,6.0,True
J.R. Smith,2004.0,2004,18.0,SG-SF,196.8,103.0,208.3,264.2,73.7,90.2,5.0,10.9,3.2,,,6.7,True
Alan Williams,,2015,,PF,201.3,118.6,217.8,270.5,64.8,72.4,8.0,12.3,3.5,21.6,24.1,12.0,False
Isaiah Cousins,2016.0,2016,59.0,PG,191.1,88.0,198.8,250.2,77.5,94.0,,10.8,3.2,21.0,22.2,4.8,True
Dan McClintock,2000.0,2000,53.0,C-PF,210.8,113.4,217.2,271.8,83.8,88.9,20.0,11.5,3.3,,,,True
Dwayne Mitchell,,2006,,SG-SF,188.0,94.3,199.4,250.2,95.2,105.4,17.0,11.4,3.2,,,4.5,False
Darren Kelly,,2001,,SG-PG,188.0,80.7,200.0,254.0,77.5,87.6,1.0,11.4,3.2,,,6.7,False
Lamar Patterson,2014.0,2014,48.0,SG,193.0,102.5,210.8,256.5,69.8,82.6,,11.6,3.4,22.9,23.5,10.8,True
Ivan Koljevic,,2004,,PG,185.4,78.0,189.2,241.3,66.0,72.4,4.0,11.1,3.3,,,6.7,False
Talen Horton-Tucker,2019.0,2019,46.0,SG,189.2,106.8,216.5,261.6,66.0,87.6,10.0,11.3,3.3,24.1,24.8,8.4,True
Frank Jackson,2017.0,2017,31.0,PG,188.0,91.4,201.9,248.9,87.6,106.7,9.0,10.9,3.1,21.0,22.9,6.7,True
PJ Washington,2019.0,2018,12.0,PF,199.4,101.2,219.7,271.8,68.6,86.4,3.0,11.4,3.2,22.9,26.0,6.8,True
Marco Killingsworth,,2006,,PF,196.8,120.7,221.0,264.2,71.1,81.3,13.0,11.4,3.3,,,19.0,False
Isaiah Whitehead,2016.0,2016,42.0,PG-SG,191.1,95.3,205.1,254.0,69.8,90.2,,11.6,3.3,21.6,22.2,9.2,True
DeAndre Liggins,2011.0,2011,53.0,SF-SG,195.6,91.7,210.8,262.9,68.6,78.7,6.0,,3.3,22.2,25.4,5.0,True
Dan Langhi,2000.0,2000,31.0,SF,205.7,89.6,203.2,264.2,78.7,87.6,12.0,10.8,3.2,,,,True
Melvin Ely,2002.0,2002,12.0,PF,205.7,108.9,223.5,281.9,66.0,73.7,7.0,12.0,3.4,,,,True
Joey Graham,2005.0,2005,16.0,SF,196.2,98.2,203.2,264.2,76.2,91.4,26.0,10.6,3.0,,,,True
Jarnell Stokes,2014.0,2014,35.0,PF,200.7,119.2,216.5,262.9,78.7,91.4,,11.9,3.3,24.8,26.7,8.2,True
Mike Smith,2000.0,2000,35.0,SF,199.4,89.8,204.5,261.6,83.8,53.3,12.0,11.3,3.2,,,,True
Jeryl Sasser,2001.0,2001,22.0,PG-SG,196.8,88.0,209.6,262.9,73.7,86.4,1.0,11.5,3.2,,,6.7,True
Jimmy Butler,2011.0,2011,30.0,SF,198.1,100.8,201.9,257.8,81.3,99.1,14.0,11.1,3.2,22.9,22.9,5.4,True
Simisola Shittu,,2019,,PF,204.5,103.1,216.5,269.2,68.6,90.2,11.0,11.8,3.3,22.2,21.6,6.2,False
Darington Hobson,2010.0,2010,37.0,SG-SF,196.2,92.4,206.4,265.4,73.7,86.4,,11.7,3.2,21.0,22.9,6.2,True
Jabari Brown,,2014,,SG,190.5,91.6,203.8,254.0,71.1,81.3,,11.6,3.5,22.9,23.5,6.0,False
Isaiah Hicks,,2017,,PF,201.3,105.9,214.6,266.7,80.0,94.0,11.0,12.3,3.4,22.2,24.8,7.7,False
Dominic James,,2007,,PG,177.8,79.4,188.0,236.2,85.1,97.8,14.0,10.9,3.1,,,4.8,False
Reyshawn Terry,,2007,,SF,200.0,100.7,208.3,262.9,78.7,95.2,18.0,11.8,3.3,,,8.9,False
Luguentz Dort,,2019,,PG,189.9,100.8,204.5,252.7,82.6,96.5,14.0,10.8,3.2,21.6,22.9,5.0,False
Jereme Richmond,,2011,,SF,198.1,94.0,208.9,270.5,68.6,85.1,0.0,11.7,3.0,22.2,24.1,5.5,False
Jordan Bachynski,,2014,,PF,216.5,115.3,223.5,275.6,73.7,83.8,,12.2,3.4,23.5,25.4,7.4,False
Antoine Wright,2005.0,2005,15.0,SF-SG,196.2,91.9,205.1,265.4,67.3,74.9,12.0,11.4,3.4,,,,True
Gerry McNamara,,2006,,PG-SG,182.2,80.3,184.8,235.0,68.6,81.3,3.0,11.3,3.4,,,12.8,False
Kelvin Pena,,2004,,SG-PG,188.6,82.6,199.4,252.7,69.8,82.6,1.0,11.5,3.2,,,8.6,False
Danilo Pinnock,,2006,,PG-SG,189.9,92.5,201.9,255.3,74.9,90.2,7.0,11.9,3.1,,,4.6,False
Rodney White,2001.0,2001,9.0,SF,201.9,110.2,212.1,265.4,69.8,83.8,16.0,12.1,3.5,,,9.3,True
Cory Jefferson,2014.0,2014,60.0,PF,202.6,99.1,214.6,266.7,83.8,95.2,,12.6,3.4,22.2,24.8,5.2,True
Brandon McCoy,,2018,,C,212.1,113.6,218.4,280.7,69.8,81.3,9.0,11.8,3.2,24.8,24.1,8.7,False
Killian Tillie,,2020,,PF,205.1,100.5,203.2,269.2,69.8,81.3,,11.6,3.4,21.0,23.5,12.4,False
Curtis Withers,,2006,,PF-SF,198.1,103.0,208.3,256.5,88.9,92.7,14.0,11.5,3.1,,,5.0,False
Sean Lampley,2001.0,2001,44.0,SF,196.8,96.6,206.4,256.5,91.4,101.6,12.0,11.1,3.1,,,8.0,True
Dante Cunningham,2009.0,2009,33.0,PF,200.7,103.1,210.8,270.5,71.1,88.9,18.0,11.2,3.3,,,4.8,True
Kelly Oubre,2015.0,2015,15.0,SF-SG,197.5,92.0,219.1,260.4,87.6,94.0,7.0,11.1,3.3,22.9,22.2,5.7,True
Delonte West,2004.0,2004,24.0,PG-SG,186.7,83.0,198.1,252.7,76.2,88.9,12.0,11.2,3.2,,,6.7,True
James Augustine,2006.0,2006,41.0,PF,203.8,103.0,214.0,264.2,76.2,82.6,13.0,10.5,3.2,,,5.5,True
Greg Monroe,2010.0,2010,7.0,PF-C,207.6,111.9,219.1,275.6,63.5,73.7,15.0,12.1,3.4,22.2,24.1,11.2,True
Marshon Brooks,2011.0,2011,25.0,SG,193.7,88.3,215.9,256.5,86.4,97.8,5.0,10.7,3.1,22.9,26.7,5.2,True
Jason Gardner,,2001,,PG,177.2,85.3,186.1,235.0,87.6,101.6,9.0,10.9,2.9,,,8.0,False
Jason Kapono,2003.0,2003,31.0,SG-SF,199.4,97.5,199.4,259.1,59.7,76.2,8.0,11.0,3.4,,,11.7,True
Corey Hawkins,,2015,,SG-PG,184.8,87.0,203.2,252.7,72.4,86.4,9.0,10.8,3.5,22.2,22.9,5.5,False
Matt Carroll,,2003,,SG-SF,195.6,93.9,199.4,250.2,73.7,85.1,13.0,11.1,3.4,,,6.7,False
Joakim Noah,2007.0,2007,9.0,PF,208.3,101.2,216.5,270.5,82.6,95.2,12.0,11.8,3.5,,,4.8,True
Henry Sims,,2012,,C-PF,208.3,109.4,223.5,274.3,67.3,74.9,7.0,12.3,3.4,23.5,25.4,7.7,False
Quinton Hosley,,2007,,SF-SG,195.6,97.5,211.5,266.7,72.4,86.4,12.0,12.5,3.3,,,5.7,False
Donte Greene,2008.0,2008,28.0,SF-PF,203.8,100.2,208.3,274.3,69.8,80.0,2.0,11.2,3.2,,,7.6,True
Cookie Belcher,,2001,,SG-PG,190.5,93.4,204.5,251.5,88.9,105.4,7.0,11.3,2.9,,,5.3,False
Spencer Hawes,2007.0,2007,10.0,PF,208.3,110.7,214.6,279.4,66.0,73.7,9.0,11.9,3.5,,,13.0,True
Luke Jackson,2004.0,2004,10.0,SF-SG,198.1,96.2,204.5,261.6,67.3,91.4,13.0,11.1,3.2,,,8.0,True
Wesley Johnson,2010.0,2010,4.0,SF,198.8,93.6,215.9,269.2,81.3,94.0,16.0,11.4,3.1,22.9,24.1,4.6,True
Marcus Haislip,2002.0,2002,13.0,PF,204.5,100.2,213.4,271.8,85.1,92.7,8.0,11.4,3.2,,,,True
Wesley Iwundu,2017.0,2017,33.0,SG-SF,196.8,87.7,215.9,268.0,80.0,91.4,5.0,11.2,3.4,22.2,24.1,4.0,True
Ben McLemore,2013.0,2013,7.0,SG,191.8,85.8,202.6,255.3,82.6,106.7,6.0,11.9,3.3,22.2,24.1,5.0,True
Donald Little,,2003,,PF-C,207.0,103.9,221.0,246.4,83.8,94.0,18.0,11.2,3.2,,,7.3,False
Tyler Hansbrough,2009.0,2009,13.0,PF,203.8,106.2,212.1,269.2,69.8,86.4,18.0,11.1,3.3,,,8.5,True
Brandon Heath,,2007,,PG,188.0,82.1,200.7,238.8,81.3,91.4,11.0,11.4,3.3,,,9.0,False
Joel Cornette,,2003,,PF-SF,203.8,108.4,206.4,268.0,66.0,82.6,13.0,11.3,3.1,,,12.9,False
Russell Carter,,2007,,SG,190.5,100.2,204.5,247.6,83.8,97.8,25.0,11.6,3.3,,,6.0,False
Kenny Kadji,,2013,,PF-C,205.1,109.6,221.0,270.5,86.4,96.5,9.0,11.5,3.4,22.9,26.0,7.4,False
Markieff Morris,2011.0,2011,13.0,PF,202.6,109.2,210.2,270.5,68.6,80.0,11.0,,3.4,21.6,21.0,10.2,True
Andre Barrett,,2004,,PG,174.6,77.6,185.4,233.7,73.7,87.6,13.0,10.6,3.1,,,6.7,False
Rashad Phillips,,2001,,PG,175.3,75.3,186.7,233.7,68.6,81.3,5.0,11.9,3.3,,,12.4,False
Georges Niang,2016.0,2016,50.0,PF,200.0,104.7,208.3,261.6,63.5,78.7,,11.6,3.5,23.5,23.5,10.0,True
Shan Foster,,2008,,SG,193.0,88.2,212.1,262.9,76.2,83.8,10.0,12.3,3.2,,,6.3,False
Byron Mullens,2009.0,2009,24.0,C,212.7,117.1,217.2,281.9,72.4,82.6,10.0,11.1,3.4,,,8.5,True
Josh Hart,2017.0,2016,30.0,SG,193.0,92.4,204.5,252.7,74.9,97.8,,11.2,3.2,21.6,23.5,5.8,True
Nigel Hayes,,2017,,PF,198.8,115.3,221.6,265.4,73.7,85.1,16.0,11.8,3.3,22.2,25.4,11.5,False
Jaylen Nowell,2019.0,2019,43.0,SG,191.1,91.8,201.3,248.9,81.3,97.8,2.0,10.8,3.2,21.0,21.6,6.1,True
Marcus Williams,2006.0,2006,22.0,PG,188.0,97.5,200.7,247.6,62.2,71.1,4.0,11.3,3.4,,,12.4,True
Pete Mickeal,2000.0,2000,58.0,SG-SF,195.6,100.7,207.0,262.9,71.1,87.6,8.0,10.8,3.1,,,,True
Anthony Randolph,2008.0,2008,14.0,PF-SF,205.7,89.4,221.0,276.9,73.7,88.9,7.0,11.9,3.3,,,4.7,True
Ivan Rabb,2017.0,2017,35.0,PF,205.1,99.6,217.2,276.9,72.4,82.6,3.0,12.7,3.4,22.2,22.9,6.8,True
Tim Hardaway Jr.,2013.0,2013,24.0,SG,194.3,90.4,200.7,256.5,80.0,95.2,16.0,10.7,3.2,20.3,23.5,6.0,True
Chris Quinn,,2006,,PG-SG,184.2,79.4,195.6,238.8,81.3,94.0,7.0,11.2,3.2,,,5.9,False
J.P. Batista,,2006,,PF,201.9,120.2,208.3,262.9,66.0,77.5,26.0,11.6,3.4,,,12.0,False
Brandon Davies,,2013,,PF,204.5,109.7,217.2,275.6,66.0,80.0,7.0,11.2,3.5,22.9,27.9,8.6,False
Joe Shipp,,2003,,SG,193.0,101.6,208.3,261.6,73.7,87.6,17.0,11.8,3.2,,,11.7,False
Marcus Paige,2016.0,2016,55.0,PG,184.2,74.3,198.8,246.4,85.1,100.3,,10.8,3.2,19.7,22.2,4.3,True
Eddie Griffin,2001.0,2001,7.0,PF-SF,206.4,100.7,221.0,279.4,67.3,83.8,3.0,11.8,3.2,,,4.0,True
Jarrod Uthoff,,2016,,PF,204.5,97.3,212.1,264.2,73.7,87.6,,11.5,3.5,22.2,22.9,6.0,False
Trevor Booker,2010.0,2010,23.0,PF,198.8,107.0,207.6,269.2,78.7,91.4,22.0,11.2,3.1,22.9,24.1,7.3,True
Robert Jackson,,2003,,PF-C,202.6,115.2,213.4,273.0,59.7,66.0,15.0,11.3,3.2,,,15.9,False
Josh Childress,2004.0,2004,6.0,SG-SF,197.5,88.9,210.8,266.7,73.7,91.4,11.0,12.0,3.4,,,9.3,True
Brandon Hunter,2003.0,2003,56.0,PF,199.4,120.7,220.3,268.0,82.6,88.9,25.0,11.1,3.2,,,8.0,True
Jared Harper,,2019,,PG,177.2,76.7,196.8,238.8,85.1,102.9,8.0,10.8,3.0,21.0,24.1,3.9,False
Omari Spellman,2018.0,2018,30.0,PF-C,203.2,115.1,218.4,273.0,72.4,90.2,8.0,12.3,3.4,22.9,22.9,13.8,True
Dennis Schroder,2013.0,2013,17.0,PG,185.4,74.8,202.6,248.9,76.2,86.4,1.0,11.1,3.2,22.2,26.7,4.1,True
Jamaal Tatum,,2007,,PG,181.6,76.2,189.2,237.5,72.4,83.8,7.0,11.5,3.2,,,5.0,False
Brian Bowen II,,2019,,SF,198.8,90.7,208.3,261.6,81.3,90.2,1.0,11.0,3.3,21.6,24.8,6.5,False
Devin Booker,2015.0,2015,13.0,SG,194.3,93.3,203.8,260.4,69.8,87.6,8.0,10.3,3.3,22.2,22.9,8.3,True
Kyle O'Quinn,2012.0,2012,49.0,PF,204.5,109.2,225.4,270.5,80.0,80.0,,11.6,3.5,24.1,25.4,8.0,True
Ashton Hagans,,2020,,PG,186.7,87.5,203.2,252.7,74.9,92.7,,10.8,3.1,22.9,22.9,4.1,False
LaVell Blanchard,,2003,,SF,198.1,93.0,198.1,257.8,85.1,92.7,12.0,11.6,3.4,,,11.7,False
Jaxson Hayes,2019.0,2019,8.0,PF,208.9,99.2,222.2,280.7,68.6,87.6,5.0,11.7,3.4,23.5,26.7,5.0,True
Keita Bates-Diop,2018.0,2018,48.0,SG-SF,201.3,101.5,221.6,270.5,77.5,88.9,11.0,11.2,3.2,22.9,21.6,5.4,True
Trenton Hassell,2001.0,2001,29.0,SG-SF,193.7,93.0,203.2,252.7,90.2,95.2,12.0,11.6,3.3,,,5.3,True
Stephen Zimmerman,2016.0,2016,41.0,C,208.9,106.1,221.6,275.6,66.0,78.7,,12.1,3.4,22.9,22.9,11.2,True
Naz Reid,,2019,,PF,203.8,116.0,221.6,276.9,66.0,82.6,3.0,12.0,3.4,24.1,23.5,14.0,False
David Noel,2006.0,2006,39.0,SF-SG,194.3,101.2,207.0,254.0,87.6,97.8,20.0,10.5,3.1,,,6.1,True
Marvin Stone,,2003,,C-PF,207.0,118.4,222.2,278.1,64.8,69.8,9.0,12.1,3.5,,,17.4,False
Raymond Felton,2005.0,2005,5.0,PG,181.6,90.4,193.7,248.9,73.7,85.1,6.0,10.5,3.1,,,,True
Avery Bradley,2010.0,2010,19.0,SG-PG,188.0,81.8,201.3,250.2,80.0,95.2,2.0,11.5,3.1,21.0,24.1,4.0,True
Aleks Maric,,2008,,C,207.6,123.8,215.9,278.1,58.4,71.1,15.0,11.8,3.4,,,10.1,False
Michael Kidd-Gilchrist,2012.0,2012,2.0,SF,197.5,105.6,213.4,265.4,81.3,90.2,6.0,11.8,3.2,22.9,26.0,7.0,True
A.J. Guyton,2000.0,2000,32.0,PG-SG,184.8,79.4,192.4,247.6,83.8,95.2,9.0,10.6,3.2,,,,True
Armon Johnson,2010.0,2010,34.0,PG-SG,188.0,88.5,203.2,252.7,80.0,97.8,18.0,11.2,3.2,21.0,23.5,5.6,True
Ron Lewis,,2007,,SG,188.0,88.0,199.4,251.5,83.8,96.5,16.0,11.6,3.2,,,4.5,False
Rashad Vaughn,2015.0,2015,17.0,SG,192.4,90.1,200.7,256.5,71.1,86.4,5.0,11.4,3.2,20.3,21.6,6.2,True
Wayne Wallace,,2003,,PF,201.3,84.8,218.4,274.3,74.9,91.4,6.0,11.8,3.2,,,4.6,False
Mason Jones,,2020,,SG,192.4,94.0,200.7,260.4,61.0,78.7,,10.6,3.3,22.2,21.6,8.9,False
Lazar Hayward,2010.0,2010,30.0,SG-SF,194.3,102.4,215.3,259.1,78.7,91.4,15.0,10.9,3.3,23.5,24.1,7.5,True
Jarrett Jack,2005.0,2005,22.0,PG,189.2,89.6,201.9,254.0,66.0,72.4,5.0,10.9,3.2,,,,True
Michael Sweetney,2003.0,2003,9.0,PF,201.3,118.8,215.9,273.0,66.0,80.0,3.0,12.9,3.3,,,14.1,True
Jontay Porter,,2018,,C-PF,208.3,107.0,214.0,276.9,64.8,78.7,9.0,11.9,3.4,22.2,24.1,13.8,False
Tarence Kinsey,,2006,,SF-SG,194.9,81.2,200.0,255.3,73.7,90.2,5.0,10.7,3.3,,,4.1,False
Anthony Tolliver,,2007,,PF,200.7,109.8,219.7,273.0,72.4,76.2,21.0,11.5,3.3,,,5.7,False
Solomon Jones,2006.0,2006,33.0,PF-C,204.5,101.6,225.4,276.9,81.3,99.1,6.0,11.3,3.3,,,7.4,True
Lee Scruggs,,2001,,PF-SF,208.9,94.8,228.0,280.7,59.7,74.9,0.0,13.3,3.6,,,10.5,False
Bryant Matthews,,2004,,SF-SG,197.5,93.4,214.6,268.0,73.7,87.6,13.0,11.1,3.1,,,6.7,False
Antonis Fotsis,2001.0,2000,47.0,SF,206.4,99.3,204.5,269.2,68.6,76.2,2.0,11.6,3.4,,,,True
Hassan Whiteside,2010.0,2010,33.0,C-PF,209.6,102.8,231.1,287.0,68.6,80.0,12.0,11.8,3.5,21.0,26.0,5.5,True
Shane Battier,2001.0,2001,6.0,SF-PF,203.8,103.9,209.6,266.7,74.9,83.8,12.0,11.0,3.3,,,9.3,True
Kirk Penney,,2003,,SG-SF,195.6,98.9,196.2,246.4,81.3,90.2,15.0,10.4,3.0,,,8.0,False
Tommy Smith,2003.0,2003,53.0,PF-SF,205.7,90.7,219.7,273.0,76.2,83.8,2.0,11.5,3.1,,,6.7,True
Bracey Wright,2005.0,2005,47.0,SG-PG,186.1,84.7,208.3,255.3,76.2,91.4,8.0,11.6,3.3,,,,True
Nate Wolters,2013.0,2013,38.0,PG,191.8,89.1,192.4,248.9,,,8.0,,,21.0,22.2,5.5,True
Andrew Nicholson,2012.0,2012,19.0,PF,204.5,106.1,223.5,271.8,72.4,77.5,10.0,11.9,3.7,25.4,27.3,7.6,True
Jordan Bell,2017.0,2017,38.0,PF,200.7,101.4,212.7,265.4,80.0,96.5,16.0,10.6,3.2,23.5,24.1,5.4,True
Patty Mills,2009.0,2009,55.0,PG,181.0,79.6,188.0,241.3,69.8,83.8,8.0,10.9,3.1,,,6.9,True
Trevor Mbakwe,,2013,,PF,200.0,107.0,223.5,270.5,76.2,92.7,21.0,12.0,3.3,24.1,29.2,5.9,False
SirValiant Brown,,2001,,PG,180.3,79.8,193.0,235.0,78.7,100.3,10.0,11.2,3.0,,,6.7,False
Joe Ingles,,2009,,SF,202.6,94.9,208.9,266.7,66.0,78.7,3.0,10.7,3.3,,,10.1,False
Dominic McGuire,2007.0,2007,47.0,SF,200.7,99.8,209.6,264.2,72.4,87.6,12.0,11.0,3.2,,,4.7,True
O.J. Mayo,2008.0,2008,3.0,SG-PG,191.1,90.7,198.1,252.7,77.5,104.1,7.0,11.0,3.1,,,6.3,True
Jason Richardson,2001.0,2001,5.0,SF-SG,194.9,96.6,212.1,260.4,82.6,100.3,15.0,11.8,3.1,,,5.3,True
Ty Jerome,2019.0,2019,24.0,PG,193.7,88.2,193.0,248.9,66.0,80.0,2.0,11.2,3.4,21.0,24.1,6.5,True
Justin Jackson,,2016,,SF,200.7,87.7,210.2,262.9,74.9,87.6,,11.3,3.3,22.2,22.2,7.6,False
Tyrell Terry,2020.0,2020,31.0,PG,186.7,77.1,187.3,243.8,76.2,86.4,,10.8,3.3,19.0,21.0,7.6,True
DeMarcus Nelson,,2008,,PG-SG,185.4,89.8,208.3,250.2,87.6,97.8,19.0,10.5,3.1,,,4.5,False
Eric Hicks,,2006,,PF,194.9,108.0,217.2,268.0,76.2,86.4,20.0,12.1,3.3,,,7.1,False
Toney Douglas,2009.0,2009,29.0,PG,185.4,83.2,198.1,247.6,71.1,82.6,15.0,10.6,3.0,,,5.2,True
Quentin Grimes,,2019,,SG,193.0,95.1,202.6,255.3,69.8,91.4,6.0,10.8,3.2,21.0,25.4,8.4,False
Neemias Queta,,2019,,C,210.2,102.4,224.2,283.2,61.0,82.6,1.0,12.0,3.7,24.1,27.9,6.3,False
Kostas Antetokounmpo,2018.0,2018,60.0,PF,205.7,88.4,219.1,279.4,74.9,88.9,0.0,12.5,3.2,23.5,24.1,5.0,True
Denham Brown,2006.0,2006,40.0,SG-SF,193.0,98.9,207.0,260.4,71.1,87.6,12.0,11.4,3.2,,,9.0,True
Immanuel Quickley,2020.0,2020,25.0,SG,188.0,84.3,203.8,251.5,74.9,90.2,,11.2,3.2,20.3,22.2,8.2,True
Nigel Williams-Goss,2017.0,2017,55.0,PG,186.7,86.3,201.3,251.5,69.8,87.6,10.0,10.4,3.2,22.2,23.5,5.6,True
Aleksandar Capin,,2004,,PG,182.9,79.8,186.7,238.8,58.4,73.7,4.0,11.5,3.3,,,9.3,False
Patric Young,,2014,,PF,204.5,111.9,217.8,262.9,81.3,95.2,,11.2,3.4,23.5,24.1,5.4,False
Joseph Forte,2001.0,2001,21.0,SG,191.8,87.5,199.4,255.3,67.3,83.8,10.0,11.5,3.2,,,,True
Doug McDermott,2014.0,2014,11.0,SF,198.8,98.9,206.4,261.6,72.4,92.7,,11.1,3.3,22.2,24.8,7.1,True
Kelly Olynyk,2013.0,2013,13.0,PF-C,210.2,106.1,207.6,274.3,62.2,74.9,5.0,11.4,3.6,21.6,25.4,6.6,True
David Lighty,,2011,,SG,194.9,98.1,203.2,256.5,72.4,83.8,15.0,10.8,3.2,22.9,25.4,6.5,False
Al Thornton,2007.0,2007,14.0,SF,197.5,100.2,215.9,264.2,88.9,104.1,9.0,12.0,3.2,,,5.8,True
Mustafa Shakur,,2007,,PG,190.5,83.9,196.8,251.5,72.4,88.9,11.0,11.8,3.3,,,4.1,False
Thomas Bryant,2017.0,2017,42.0,PF-C,207.0,112.4,228.6,285.8,64.8,83.8,7.0,11.4,3.4,24.1,26.0,9.4,True
Sviatoslav Mykhailiuk,2018.0,2018,47.0,SG-SF,199.4,96.0,194.9,254.0,77.5,94.0,4.0,11.2,3.2,21.0,24.1,8.5,True
Deron Washington,2008.0,2008,59.0,SF,196.2,90.0,205.7,260.4,86.4,101.6,7.0,11.0,3.1,,,7.2,True
DeMar DeRozan,2009.0,2009,9.0,SG-SF,196.8,95.8,205.7,260.4,73.7,97.8,5.0,11.9,3.3,,,4.9,True
Jeff Ayres,2009.0,2009,31.0,PF,205.1,108.7,215.9,271.8,78.7,88.9,15.0,12.0,3.1,,,5.5,True
Derrick White,2017.0,2017,29.0,PG,191.1,86.1,201.9,257.8,78.7,92.7,10.0,10.8,3.1,21.0,21.6,6.2,True
Brian Cook,2003.0,2003,24.0,PF-SF,207.0,106.1,218.4,276.9,63.5,73.7,6.0,11.9,3.4,,,10.5,True
Colton Iverson,2013.0,2013,53.0,C,209.6,119.2,218.4,279.4,67.3,76.2,12.0,11.5,3.5,23.5,24.1,9.6,True
Jordan Hill,2009.0,2009,8.0,PF-C,206.4,105.4,217.2,274.3,78.7,88.9,11.0,12.2,3.3,,,6.0,True
Caleb Green,,2007,,PF,198.1,108.0,212.7,261.6,72.4,91.4,9.0,11.7,3.5,,,10.9,False
Earl Watson,2001.0,2001,39.0,PG,182.9,83.5,200.0,246.4,82.6,95.2,4.0,11.0,3.2,,,4.0,True
Kenrich Williams,,2018,,SF,198.1,90.9,201.3,262.9,71.1,83.8,14.0,10.9,3.2,21.6,24.8,6.0,False
Darius Morris,2011.0,2011,41.0,PG-SG,191.1,86.2,201.9,259.1,62.2,81.3,12.0,11.0,3.2,22.2,25.4,5.3,True
Bruce Brown,2018.0,2018,42.0,SG-PG,191.8,88.3,205.7,250.2,82.6,96.5,17.0,11.1,3.2,21.6,21.6,3.8,True
Terrence Jones,2012.0,2012,18.0,PF-SF,203.8,114.3,219.1,271.8,74.9,87.6,12.0,11.6,3.4,22.9,25.4,7.7,True
Malachi Richardson,2016.0,2016,22.0,SG-SF,194.9,90.5,213.4,257.8,83.8,96.5,,10.6,3.3,22.2,25.4,7.0,True
Jordan Mickey,2015.0,2015,33.0,PF,200.7,108.0,221.6,269.2,83.8,95.2,9.0,11.7,3.3,22.2,24.1,7.2,True
Jermaine Taylor,2009.0,2009,32.0,SG,191.8,94.1,205.1,256.5,86.4,95.2,16.0,11.5,3.3,,,5.8,True
Skylar Mays,2020.0,2020,50.0,SG,190.5,92.5,198.1,251.5,73.7,95.2,,10.6,3.3,20.3,24.8,7.4,True
Brice Johnson,2016.0,2016,25.0,PF,205.7,94.6,214.6,270.5,85.1,96.5,,11.9,3.2,22.9,21.0,7.5,True
Blake Schilb,,2007,,SG,195.6,97.1,205.7,260.4,67.3,85.1,11.0,11.6,3.4,,,10.0,False
Kevin Murphy,2012.0,2012,47.0,SG,195.6,88.0,200.0,251.5,78.7,92.7,11.0,11.0,3.4,21.6,21.6,5.8,True
Ignas Brazdeikis,2019.0,2019,47.0,SF,197.5,100.2,206.4,259.1,78.7,92.7,13.0,11.1,3.4,22.2,24.1,6.0,True
Terrico White,2010.0,2010,36.0,SG-PG,192.4,91.9,205.7,256.5,78.7,101.6,10.0,11.4,3.2,22.9,26.7,3.7,True
Billy Preston,,2018,,PF,205.1,100.9,218.4,274.3,63.5,83.8,0.0,11.3,3.2,23.5,24.1,5.4,False
Rasual Butler,2002.0,2002,52.0,SF,200.0,89.8,213.4,268.0,80.0,95.2,10.0,11.5,3.3,,,,True
Tyler Bey,2020.0,2020,36.0,PF,198.1,96.5,216.5,268.0,94.0,110.5,,11.4,3.2,21.6,22.9,5.0,True
T.J. Warren,2014.0,2014,14.0,SF,200.7,99.9,208.9,264.2,68.6,90.2,,11.1,3.3,22.2,22.9,8.0,True
Alex Acker,2005.0,2005,60.0,SG,192.4,83.0,213.4,260.4,71.1,81.3,11.0,11.7,3.4,,,,True
Aaron Holiday,2018.0,2018,23.0,PG,182.2,84.8,201.9,246.4,64.8,83.8,,11.0,3.3,22.2,21.6,6.4,True
Michael Redd,2000.0,2000,43.0,SG-SF,194.9,97.1,205.7,259.1,68.6,78.7,12.0,12.1,3.3,,,,True
Terrence Ross,2012.0,2012,8.0,SG-SF,198.1,89.2,201.3,255.3,78.7,95.2,2.0,11.8,3.3,22.2,26.0,3.2,True
Hollis Price,,2003,,PG-SG,181.6,74.8,194.3,240.0,69.8,83.8,1.0,10.7,3.2,,,7.3,False
Charles Garcia,,2010,,SF,203.8,105.1,217.8,273.0,62.2,77.5,2.0,11.6,3.2,22.2,22.9,7.0,False
Jamison Brewer,2001.0,2001,40.0,PG,189.2,80.7,205.1,260.4,66.0,82.6,12.0,9.6,3.2,,,6.7,True
Zabian Dowdell,,2007,,PG,185.4,86.6,208.3,254.0,76.2,85.1,3.0,11.1,3.3,,,5.1,False
Jerryd Bayless,2008.0,2008,11.0,PG-SG,187.3,92.5,191.8,246.4,78.7,96.5,10.0,11.3,3.1,,,4.7,True
Nate James,,2001,,SF,194.9,88.9,210.2,261.6,66.0,78.7,23.0,11.4,3.3,,,6.0,False
Nick Richards,2020.0,2020,42.0,C,209.6,109.6,219.1,279.4,76.2,86.4,,11.4,3.2,22.9,22.9,8.5,True
Shaun Livingston,2004.0,2004,4.0,PG-SG,198.8,84.4,210.8,268.0,67.3,76.2,,10.7,3.2,,,6.7,True
Kyle Visser,,2007,,C,208.3,109.8,210.8,274.3,66.0,73.7,18.0,12.6,3.4,,,10.2,False
Cartier Martin,,2007,,SF,193.0,98.9,208.3,262.9,68.6,74.9,11.0,12.1,3.4,,,5.6,False
Jared Jordan,2007.0,2007,45.0,PG,182.9,83.0,182.9,238.8,62.2,72.4,6.0,11.0,3.4,,,7.0,True
Julian Wright,2007.0,2007,13.0,SF-PF,199.4,95.7,219.1,274.3,72.4,85.1,2.0,11.5,3.4,,,6.1,True
Tony Carr,2018.0,2018,51.0,PG,190.5,90.2,203.8,254.0,63.5,80.0,0.0,11.9,3.2,21.6,24.8,6.5,True
Isaiah Roby,2019.0,2019,45.0,PF,201.3,97.1,215.9,269.2,82.6,90.2,9.0,10.6,3.2,22.9,26.7,3.9,True
William Buford,,2012,,SG-SF,193.0,97.3,207.0,259.1,69.8,82.6,8.0,11.4,3.4,22.2,25.4,11.3,False
Matt Barnes,2002.0,2002,45.0,SF,200.0,102.5,205.7,245.1,90.2,102.9,11.0,10.7,3.3,,,,True
Markus Howard,,2020,,PG,176.5,77.5,183.5,232.4,77.5,90.2,,11.2,3.1,21.6,19.7,9.9,False
Rodney Carney,2006.0,2006,16.0,SG-SF,194.3,92.5,208.3,262.9,81.3,97.8,10.0,10.6,3.1,,,5.3,True
Darnell Jackson,2008.0,2008,52.0,PF,200.7,109.1,211.5,270.5,68.6,78.7,11.0,11.8,3.3,,,12.5,True
Troy Bell,2003.0,2003,16.0,PG,183.5,80.7,195.6,247.6,87.6,104.1,17.0,10.9,3.1,,,5.3,True
Derrick Caracter,2010.0,2010,58.0,PF,203.8,127.0,214.0,273.0,63.5,77.5,22.0,12.8,3.6,22.9,26.0,12.8,True
Dwight Powell,2014.0,2014,45.0,PF,207.0,106.3,214.6,266.7,72.4,88.9,,11.3,3.2,22.9,23.5,6.2,True
Frank Elegar,,2008,,PF,201.3,95.3,221.6,269.2,85.1,95.2,11.0,11.9,3.2,,,4.5,False
Alec Brown,2014.0,2014,50.0,PF,214.0,104.9,217.2,276.9,68.6,76.2,,12.0,3.5,23.5,22.2,7.7,True
Paul Reed Jr.,2020.0,2020,58.0,PF,204.5,99.4,218.4,278.1,67.3,95.2,,12.3,3.4,22.9,22.2,6.8,True
Trey Johnson,,2007,,SG,190.5,98.0,195.6,248.9,67.3,88.9,18.0,11.8,3.3,,,5.4,False
Joshua Hall,,2020,,SF,198.1,89.2,210.8,265.4,80.0,95.2,,12.2,3.4,22.2,24.1,7.6,False
Justin Hamilton,,2003,,PG-SG,190.5,98.4,210.8,261.6,76.2,95.2,17.0,11.2,3.2,,,8.0,False
Jared Reiner,,2004,,C-PF,208.3,111.6,214.6,276.9,55.9,66.0,15.0,12.6,3.6,,,12.9,False
Ricky Minard,2004.0,2004,48.0,PG-SG,191.1,89.8,200.7,257.8,69.8,83.8,13.0,10.9,3.1,,,8.0,True
Ike Anigbogu,2017.0,2017,47.0,C,204.5,114.4,229.2,280.7,74.9,82.6,11.0,12.5,3.4,24.1,25.4,5.4,True
Khris Middleton,2012.0,2012,39.0,SF,200.0,98.1,210.2,261.6,71.1,78.7,4.0,11.4,3.5,22.9,22.9,7.8,True
Jeremy Hunt,,2007,,SG,188.0,89.8,203.8,257.8,77.5,83.8,10.0,12.1,3.3,,,5.2,False
Sasha Kaun,,2008,,C-PF,205.7,112.0,223.5,279.4,73.7,81.3,13.0,12.1,3.2,,,9.6,False
Kevin Love,2008.0,2008,5.0,PF,202.6,115.7,211.5,269.2,74.9,88.9,18.0,11.2,3.2,,,12.9,True
Peter Jok,,2017,,SG-SF,193.7,91.8,203.2,259.1,67.3,78.7,,11.3,3.4,21.0,24.1,11.0,False
Brad Buckman,,2006,,PF,201.3,108.0,213.4,273.0,64.8,77.5,10.0,12.3,3.5,,,10.5,False
Dominique Jones,2010.0,2010,25.0,SG,191.1,98.0,206.4,256.5,66.0,82.6,19.0,10.9,3.3,22.9,26.0,5.9,True
Daequan Cook,2007.0,2007,21.0,SG,190.5,92.1,203.8,257.8,76.2,87.6,4.0,11.1,3.2,,,7.0,True
Carl English,,2003,,SG-PG,193.0,91.2,196.2,250.2,71.1,86.4,11.0,11.8,3.3,,,8.0,False
Jaime Lloreda,,2004,,PF,200.0,112.0,207.0,271.8,64.8,74.9,6.0,12.9,3.2,,,9.9,False
Josh Duncan,,2008,,PF,203.2,104.3,212.1,265.4,71.1,81.3,26.0,12.5,3.3,,,5.4,False
Terance Mann,2019.0,2019,48.0,SG-SF,194.9,92.8,202.6,256.5,82.6,97.8,6.0,11.5,3.3,24.1,23.5,4.0,True
Omri Casspi,2009.0,2009,23.0,SF,202.6,95.8,206.4,270.5,64.8,82.6,2.0,11.2,3.3,,,8.6,True
Stanley Burrell,,2008,,PG,186.7,91.2,198.8,247.6,74.9,87.6,21.0,11.2,3.2,,,5.6,False
Devon Hall,2018.0,2018,53.0,SG,193.7,93.6,202.6,259.1,63.5,78.7,6.0,11.0,3.3,21.6,25.4,8.5,True
Trey Burke,2013.0,2013,9.0,PG,182.2,84.8,196.8,247.6,74.9,92.7,3.0,11.2,3.2,21.0,22.2,6.9,True
Josh McRoberts,2007.0,2007,37.0,PF,203.2,108.9,215.9,270.5,69.8,80.0,12.0,11.7,3.5,,,13.7,True
Major Wingate,,2007,,C,204.5,109.8,223.5,276.9,69.8,77.5,15.0,12.1,3.5,,,6.7,False
Damone Thornton,,2001,,PF,200.0,106.6,217.8,263.4,85.1,95.2,19.0,11.2,3.2,,,8.0,False
Jamel Artis,,2017,,SG-SF,196.8,96.7,208.3,266.7,59.7,78.7,5.0,11.6,3.4,23.5,24.8,11.9,False
Brian Boddicker,,2004,,SF-PF,201.9,104.3,208.3,268.0,71.1,76.2,16.0,10.9,3.2,,,11.2,False
Jacob Evans,2018.0,2018,28.0,SG-SF,193.7,90.5,206.4,260.4,71.1,90.2,8.0,11.1,3.2,22.9,23.5,6.5,True
Calvin Bowman,,2001,,PF,205.1,97.1,212.1,264.2,72.4,87.6,7.0,12.0,3.2,,,8.6,False
Josh Green,2020.0,2020,18.0,SG-SF,194.3,97.1,207.6,257.8,77.5,100.3,,10.6,3.1,20.3,22.2,6.8,True
Chris Walker,,2015,,PF,205.1,94.3,220.3,274.3,77.5,94.0,6.0,11.2,3.4,22.9,22.9,5.1,False
Martin Iti,,2004,,C-PF,204.5,105.7,226.1,283.2,67.3,82.6,13.0,12.3,3.4,,,10.5,False
Jarell Martin,2015.0,2015,25.0,PF,203.2,108.2,205.7,270.5,72.4,88.9,19.0,11.2,3.3,21.0,24.1,10.1,True
David Padgett,,2008,,C-PF,208.9,108.6,215.9,278.1,61.0,71.1,17.0,12.4,3.4,,,9.0,False
Paul George,2010.0,2010,10.0,SF,202.6,97.3,211.5,271.8,,,4.0,,,21.6,22.9,5.0,True
Jake Layman,2016.0,2016,47.0,SF,203.2,94.6,206.4,259.1,83.8,100.3,,11.4,3.2,21.0,23.5,7.1,True
Viktor Keyru,,2006,,SG-PG,196.2,91.6,206.4,264.2,73.7,87.6,11.0,11.4,3.2,,,5.5,False
Hilton Armstrong,2006.0,2006,12.0,C-PF,207.0,108.9,223.5,276.9,72.4,80.0,13.0,12.3,3.5,,,6.3,True
Austin Daye,2009.0,2009,15.0,SF-PF,207.6,87.0,220.3,279.4,63.5,71.1,0.0,12.1,3.6,,,5.5,True
Steven Adams,2013.0,2013,12.0,C,210.2,115.4,224.8,278.1,72.4,83.8,16.0,11.8,3.4,24.1,27.9,6.6,True
Rashaun Freeman,,2007,,PF,198.1,110.7,212.1,264.2,71.1,81.3,20.0,11.4,3.4,,,11.5,False
Jason Collins,2001.0,2001,18.0,PF-C,208.9,113.9,224.8,279.4,64.8,72.4,8.0,12.1,3.5,,,12.9,True
J'Covan Brown,,2012,,PG,185.4,91.8,196.2,243.8,66.0,74.9,3.0,11.7,3.5,19.7,21.0,12.5,False
Ruben Douglas,,2003,,SG,191.8,87.5,201.3,255.3,72.4,88.9,9.0,12.0,3.3,,,6.0,False
Keith Gallon,,2010,,PF-C,204.5,136.9,224.8,278.1,59.7,72.4,14.0,13.4,3.7,23.5,26.7,15.1,False
Derrick Walton Jr.,,2017,,PG,180.3,85.5,189.2,241.3,66.0,82.6,9.0,11.3,3.3,20.3,21.6,5.8,False
John Henson,2012.0,2012,14.0,PF,205.7,98.0,226.1,284.5,64.8,76.2,5.0,,,23.5,25.4,8.6,True
Nicolas Claxton,2019.0,2019,31.0,C,208.3,98.2,219.7,279.4,80.0,92.7,8.0,11.3,3.4,23.5,24.1,4.5,True
Rondae Hollis-Jefferson,2015.0,2015,23.0,SF,196.8,95.6,218.4,264.2,81.3,96.5,13.0,10.4,3.1,22.2,24.8,5.0,True
Grant Riller,2020.0,2020,56.0,PG-SG,183.5,80.9,196.2,245.1,82.6,100.3,,11.2,3.1,20.3,21.6,5.4,True
Tom Timmerrmans,,2004,,PF-C,209.6,123.4,210.8,273.0,58.4,67.3,15.0,13.1,3.6,,,15.2,False
Devyn Marble,2014.0,2014,56.0,SG,195.6,87.3,205.7,259.1,73.7,88.9,,11.3,3.3,21.0,21.6,6.9,True
Brandon Ashley,,2015,,PF,201.3,103.4,222.9,266.7,80.0,90.2,9.0,11.2,3.6,22.9,24.1,8.8,False
JR Reynolds,,2007,,PG,182.9,85.3,191.1,241.3,69.8,87.6,15.0,11.7,3.2,,,8.2,False
Robbie Hummel,2012.0,2012,58.0,SF,201.3,98.9,204.5,259.1,69.8,76.2,13.0,11.6,3.4,21.6,24.1,9.4,True
Wayne Ellington,2009.0,2009,28.0,SG,193.7,91.8,199.4,254.0,80.0,96.5,13.0,11.1,3.2,,,5.5,True
Greg Stevenson,,2001,,SF,192.4,97.5,214.6,259.1,76.2,90.2,15.0,11.3,3.2,,,7.3,False
Gary Payton II,,2016,,PG,188.0,83.4,203.2,252.7,80.0,97.8,,11.6,3.2,22.2,24.1,4.0,False
Miye Oni,2019.0,2019,58.0,SG,193.7,93.3,210.2,255.3,77.5,97.8,19.0,11.7,3.2,22.9,25.4,4.9,True
Nick Young,2007.0,2007,16.0,SG-SF,195.6,93.4,213.4,255.3,100.3,102.9,6.0,11.0,3.2,,,6.8,True
Andre Brown,,2004,,PF-C,203.2,107.0,210.8,271.8,81.3,90.2,18.0,11.7,3.2,,,6.0,False
Dwayne Bacon,2017.0,2017,40.0,SG-SF,194.9,100.5,208.3,262.9,76.2,92.7,8.0,11.7,3.2,22.2,25.4,7.9,True
Justin Jackson (UMD),2018.0,2017,43.0,SF,197.5,99.5,221.6,271.8,67.3,80.0,,11.8,3.4,22.9,24.1,7.1,True
JaVale McGee,2008.0,2008,18.0,C-PF,210.8,109.3,228.6,290.8,68.6,82.6,7.0,12.8,3.2,,,5.3,True
Andre Drummond,2012.0,2012,9.0,C,207.6,126.4,229.2,278.1,80.0,85.1,10.0,10.8,3.4,24.1,24.1,7.5,True
Jamario Moon,,2001,,SF,199.4,83.9,212.1,261.6,83.8,109.2,0.0,11.6,3.1,,,5.3,False
Admiral Schofield,2019.0,2019,42.0,SF,193.0,109.1,207.6,260.4,76.2,86.4,15.0,10.8,3.4,22.2,22.9,6.8,True
Avis Wyatt,,2007,,PF,205.1,96.2,215.9,271.8,69.8,81.3,12.0,11.5,3.2,,,3.3,False
Doug Wrenn,,2003,,SF-PF,197.5,99.8,232.4,255.3,87.6,104.1,15.0,11.4,3.2,,,7.3,False
Marko Lekic,,2007,,C,205.7,121.1,215.9,275.6,61.0,77.5,19.0,12.0,3.4,,,11.4,False
Tyus Jones,2015.0,2015,24.0,PG,184.2,83.7,195.6,246.4,67.3,82.6,2.0,11.8,3.3,21.0,22.2,6.5,True
Carrick Felix,2013.0,2013,33.0,SF-SG,194.9,91.9,206.4,262.9,81.3,97.8,15.0,11.2,3.2,21.6,24.1,3.3,True
Kenny Satterfield,,2001,,PG,185.4,79.8,194.3,248.9,72.4,83.8,3.0,12.0,3.2,,,6.7,False
Eric Chenowith,2001.0,2001,42.0,C,215.9,119.7,223.5,281.9,59.7,69.8,6.0,12.5,3.6,,,12.9,True
Al Horford,2007.0,2007,3.0,PF,203.2,111.6,215.3,271.8,78.7,90.2,20.0,12.2,3.4,,,9.1,True
Gordon Hayward,2010.0,2010,9.0,SF,200.0,95.7,202.6,261.6,77.5,87.6,10.0,11.7,3.2,21.6,23.5,6.9,True
Josh Selby,2011.0,2011,49.0,SG-PG,187.3,88.3,196.2,248.9,74.9,106.7,5.0,11.1,3.2,21.6,22.9,7.9,True
Tristan Thompson,2011.0,2011,4.0,PF,201.9,103.1,216.5,275.6,76.2,88.9,9.0,10.9,3.3,22.2,23.5,6.2,True
Carl Landry,2007.0,2007,31.0,PF,200.7,112.5,210.8,260.4,80.0,92.7,21.0,11.4,3.3,,,7.5,True
Kris Wilkes,,2018,,SF,199.4,93.0,208.9,262.9,71.1,90.2,1.0,11.3,3.2,22.2,23.5,5.2,False
Michael Gbinije,2016.0,2016,49.0,SG,196.8,92.8,201.9,256.5,85.1,95.2,,11.0,3.1,20.3,22.9,5.4,True
Jarrett Allen,2017.0,2017,22.0,C,205.7,106.0,226.7,278.1,80.0,90.2,4.0,11.8,3.2,24.1,26.7,7.4,True
Will Solomon,2001.0,2001,32.0,PG-SG,182.2,78.0,207.0,252.7,72.4,88.9,4.0,11.3,3.2,,,4.0,True
Ronald Dupree,,2003,,SF-SG,198.1,94.8,203.8,256.5,95.2,105.4,11.0,11.1,3.2,,,6.7,False
Jrue Holiday,2009.0,2009,17.0,PG-SG,191.1,90.3,200.7,255.3,72.4,86.4,6.0,10.6,3.2,,,6.3,True
Mike Dunleavy,2002.0,2002,3.0,SF,203.2,104.3,205.7,269.2,62.2,73.7,11.0,11.6,3.3,,,,True
Zhou Qi,2016.0,2016,43.0,PF-C,216.5,99.0,233.0,285.8,80.0,81.3,,11.3,3.5,23.5,24.1,4.8,True
Larry Nance,,2015,,PF,201.9,102.8,217.2,274.3,73.7,95.2,10.0,10.9,3.2,22.9,24.8,6.4,False
Darryl Watkins,,2007,,C,205.1,109.3,221.0,279.4,67.3,78.7,14.0,11.6,3.6,,,6.9,False
Tyler Honeycutt,2011.0,2011,35.0,SF,200.0,84.7,205.7,266.7,76.2,94.0,,11.7,3.1,21.6,24.1,5.3,True
Rawle Alkins,,2018,,SG,189.9,98.6,205.1,251.5,82.6,102.9,10.0,11.5,3.2,21.6,25.4,8.9,False
C.J. Fair,,2014,,SF,199.4,98.9,207.0,264.2,68.6,88.9,,11.0,3.3,22.9,22.9,5.0,False
Dylan Windler,2019.0,2019,26.0,SF,198.8,88.8,208.3,265.4,73.7,95.2,8.0,10.7,3.3,21.0,24.1,4.6,True
Josh Powell,,2003,,PF-SF,203.2,103.0,215.9,273.0,82.6,97.8,15.0,11.7,3.2,,,8.0,False
Dajuan Wagner,2002.0,2002,6.0,PG-SG,184.8,87.5,188.0,251.5,71.1,88.9,16.0,12.0,3.2,,,,True
Malik Newman,,2016,,SG,188.6,82.6,197.5,247.6,76.2,90.2,,10.9,3.3,21.0,23.5,5.6,False
Willie Warren,2010.0,2010,54.0,SG-PG,189.2,94.5,198.1,252.7,58.4,80.0,10.0,11.2,3.5,21.6,24.1,7.6,True
Reggie Bullock,2013.0,2013,25.0,SG-SF,197.5,90.6,205.1,259.1,78.7,92.7,11.0,11.3,3.3,21.6,22.9,7.0,True
Mike Muscala,2013.0,2013,44.0,C-PF,208.9,104.4,215.9,274.3,71.1,85.1,5.0,11.8,3.4,21.6,22.9,6.8,True
Marcin Gortat,2005.0,2005,57.0,PF-C,210.8,102.1,222.2,279.4,74.9,91.4,18.0,11.5,3.3,,,,True
Tyrone Brazelton,,2008,,PG,177.8,75.3,187.3,238.8,76.2,86.4,8.0,11.6,3.2,,,8.1,False
Mark Karcher,2000.0,2000,48.0,SG,193.0,98.9,203.2,260.4,69.8,77.5,12.0,11.5,3.4,,,,True
Tyler Ennis,2014.0,2014,18.0,PG,185.4,82.3,201.3,248.9,73.7,91.4,,11.1,3.3,21.0,22.2,6.2,True
Caleb Martin,,2018,,SF-SG,194.9,88.8,208.3,257.8,73.7,92.7,6.0,10.4,3.3,21.6,22.2,7.0,False
James Jones,2003.0,2003,49.0,SF,201.3,98.9,219.7,273.0,77.5,83.8,9.0,11.2,3.2,,,6.7,True
Rodney Stuckey,2007.0,2007,15.0,SG-PG,192.4,93.9,201.3,255.3,77.5,88.9,14.0,11.3,3.1,,,6.1,True
Chinanu Onuaku,2016.0,2016,37.0,C,205.7,111.2,220.3,275.6,69.8,85.1,,11.6,3.5,22.9,20.3,8.6,True
Hakim Warrick,2005.0,2005,19.0,PF-SF,201.3,97.5,218.4,274.3,83.8,96.5,11.0,,3.2,,,,True
DeAnthony Melton,2018.0,2018,46.0,SG-PG,188.6,87.6,204.5,252.7,78.7,92.7,1.0,11.5,3.2,21.6,24.1,5.2,True
James Gist,,2008,,PF,200.7,99.8,223.5,273.0,77.5,88.9,5.0,11.4,3.1,,,4.8,False
Antywane Robinson,,2006,,SF-PF,198.8,98.4,219.7,268.0,73.7,82.6,12.0,11.7,3.4,,,6.9,False
Darius Songaila,2002.0,2002,49.0,PF,203.2,108.9,215.9,275.6,62.2,74.9,8.0,11.7,3.5,,,,True
Bernard Robinson,2004.0,2004,45.0,SG-SF,196.2,94.3,208.3,259.1,72.4,87.6,14.0,10.9,3.2,,,6.0,True
Iman Shumpert,2011.0,2011,17.0,PG-SG,193.7,100.6,207.0,252.7,92.7,106.7,18.0,11.1,3.2,22.9,22.9,6.5,True
LaMarcus Aldridge,2006.0,2006,2.0,PF-C,208.3,106.1,225.4,279.4,67.3,86.4,8.0,12.0,3.4,,,8.7,True
Tyshawn Taylor,2012.0,2012,41.0,PG,189.9,80.3,198.8,247.6,81.3,92.7,0.0,11.5,3.2,22.2,22.2,4.2,True
Theron Smith,,2003,,PF-SF,199.4,106.1,208.9,265.4,72.4,81.3,25.0,11.0,3.1,,,9.3,False
Rick Jackson,,2011,,PF,203.8,109.7,218.4,270.5,72.4,83.8,9.0,11.5,3.3,22.2,24.1,8.3,False
CJ Elleby,2020.0,2020,46.0,SG-SF,196.8,90.1,201.3,255.3,77.5,92.7,,11.2,3.2,22.2,25.4,4.2,True
Jermaine Boyette,,2003,,PG-SG,185.4,84.8,193.0,243.8,73.7,90.2,14.0,11.2,3.1,,,7.3,False
Udoka Azubuike,2020.0,2018,27.0,C,208.3,124.2,231.1,285.8,78.7,80.0,11.0,13.0,3.1,24.1,25.4,8.0,True
Willie Green,2003.0,2003,41.0,SG-PG,189.2,91.2,201.3,254.0,72.4,72.4,13.0,11.9,3.2,,,8.0,True
Corsley Edwards,2002.0,2002,57.0,PF,201.3,129.3,210.2,270.5,72.4,83.8,12.0,12.2,3.3,,,,True
Lester Hudson,2009.0,2008,58.0,PG,182.2,88.9,205.1,250.2,77.5,91.4,12.0,11.2,3.2,,,3.4,True
Jaylen Barford,,2018,,PG-SG,186.1,94.2,191.8,245.1,68.6,83.8,7.0,11.4,3.3,20.3,21.0,11.6,False
Draymond Green,2012.0,2012,35.0,PF-SF,197.5,106.9,216.5,266.7,71.1,83.8,9.0,11.0,3.4,22.9,24.1,11.3,True
Reggie Williams,1987.0,2008,4.0,SG,191.1,90.3,206.4,261.6,80.0,92.7,15.0,11.3,3.1,,,5.3,True
Michael Dunigan,,2011,,PF-C,204.5,107.8,221.6,273.0,74.9,87.6,10.0,11.8,3.3,22.9,27.3,8.0,False
Jeff Taylor,2012.0,2012,31.0,SF-SG,198.1,96.5,198.8,257.8,85.1,101.6,15.0,10.9,3.3,21.0,24.8,4.2,True
Lance Stephenson,2010.0,2010,40.0,SG,194.3,103.0,209.6,261.6,68.6,83.8,10.0,11.4,3.4,22.9,26.0,9.3,True
Acie Law,2007.0,2007,11.0,PG,188.0,84.4,199.4,248.9,73.7,86.4,8.0,11.0,3.2,,,5.6,True
Jason Keep,,2003,,C-PF,207.6,122.5,214.6,270.5,74.9,86.4,27.0,11.2,3.3,,,8.6,False
Stanley Robinson,2010.0,2010,59.0,SF,199.4,96.7,213.4,273.0,,95.2,6.0,11.6,3.2,22.9,22.9,8.3,True
Caron Butler,2002.0,2002,10.0,SF-SG,196.2,100.7,212.1,262.9,68.6,78.7,2.0,12.2,3.3,,,,True
Donnell Harvey,2000.0,2000,22.0,PF,201.3,99.8,214.6,268.0,83.8,82.6,15.0,11.2,,,,,True
Randall Orr,,2004,,PF-SF,205.7,87.5,209.6,273.0,67.3,83.8,6.0,11.2,3.3,,,6.7,False
Dillon Brooks,2017.0,2017,45.0,SG-SF,195.6,99.9,198.1,255.3,78.7,95.2,16.0,11.1,3.2,21.0,23.5,7.5,True
Tyler Smith,,2009,,SF,196.2,96.2,207.6,265.4,73.7,85.1,10.0,10.7,3.2,,,7.0,False
Trent Plaisted,,2008,,PF,206.4,108.9,209.6,268.0,77.5,90.2,14.0,11.3,3.2,,,11.0,False
Olivier Hanlan,2015.0,2015,42.0,PG-SG,191.1,84.3,198.1,254.0,71.1,86.4,19.0,11.4,3.2,20.3,22.2,4.3,True
Jordan Hamilton,2011.0,2011,26.0,SF,200.0,103.6,207.0,264.2,63.5,81.3,7.0,11.5,3.3,22.9,23.5,9.8,True
Robert Whaley,2005.0,2005,51.0,PF-C,203.2,122.2,218.4,274.3,72.4,85.1,15.0,12.1,3.2,,,,True
Chris Wilcox,2002.0,2002,8.0,PF-C,203.8,98.9,215.9,273.0,78.7,87.6,20.0,11.4,3.2,,,,True
Anthony Brown,2015.0,2015,34.0,SF-SG,197.5,95.7,210.8,265.4,69.8,87.6,4.0,10.9,3.2,21.6,22.9,6.1,True
Travis Hansen,2003.0,2003,37.0,SG,194.3,90.7,199.4,255.3,80.0,88.9,16.0,10.7,3.2,,,6.0,True
Austin Wiley,,2018,,C,203.8,113.1,226.1,281.9,71.1,85.1,14.0,12.8,3.3,24.8,26.0,5.0,False
Chris Garnett,,2004,,C-PF,203.8,117.9,215.9,274.3,68.6,80.0,22.0,11.8,3.4,,,14.8,False
Marcus Dove,,2008,,SF-PF,200.0,94.3,212.1,266.7,69.8,85.1,10.0,11.6,3.3,,,5.3,False
Trevor Ariza,2004.0,2004,43.0,SG-SF,200.7,91.2,218.4,273.0,74.9,81.3,8.0,11.6,3.3,,,8.0,True
Jaylen Hands,2019.0,2019,56.0,PG,186.7,81.8,196.8,246.4,83.8,105.4,6.0,10.7,3.1,20.3,21.0,5.1,True
Dewayne Dedmon,,2013,,C,208.3,108.3,223.5,276.9,71.1,82.6,8.0,12.8,3.4,22.9,27.9,8.4,False
Monta Ellis,2005.0,2005,40.0,SG-PG,188.6,80.1,189.9,248.9,67.3,80.0,0.0,12.1,3.3,,,,True
Xavier Thames,2014.0,2014,59.0,PG,188.6,84.8,193.0,243.8,73.7,82.6,,11.5,3.5,21.0,22.9,6.4,True
Khalid El-Amin,2000.0,2000,34.0,PG,175.3,90.7,186.7,236.2,69.8,81.3,6.0,10.6,3.3,,,,True
Misan Nikagbatse,,2004,,SG-PG,191.8,101.2,208.3,259.1,69.8,82.6,11.0,11.3,3.3,,,12.9,False
Glen Rice,2013.0,2013,35.0,SF-SG,194.3,95.6,206.4,257.8,83.8,102.9,10.0,11.0,3.2,21.6,22.9,8.5,True
Malcolm Lee,2011.0,2011,43.0,SG,193.0,89.9,207.6,257.8,76.2,90.2,17.0,11.2,3.1,21.6,24.1,5.9,True
Elfrid Payton,2014.0,2014,10.0,PG,189.2,84.1,203.2,250.2,80.0,90.2,,11.1,3.2,22.2,22.9,5.6,True
Chris McCray,,2006,,SG,190.5,84.8,197.5,245.1,77.5,99.1,1.0,11.5,3.3,,,9.6,False
Corey Brewer,2007.0,2007,7.0,SF-SG,198.1,83.9,203.8,261.6,77.5,92.7,11.0,11.7,3.2,,,4.2,True
Josh Hart,2017.0,2017,30.0,SG-SF,192.4,94.9,203.8,256.5,69.8,90.2,9.0,11.2,3.2,21.6,24.1,5.8,True
Carmelo Anthony,2003.0,2003,3.0,SF,198.8,105.7,213.4,268.0,77.5,85.1,7.0,11.4,3.2,,,8.0,True
CJ McCollum,2013.0,2013,10.0,PG-SG,188.6,89.4,198.8,245.1,81.3,97.8,13.0,11.0,3.3,20.3,24.1,8.6,True
Gyasi Cline-Heard,,2001,,PF,198.8,104.8,212.1,261.6,80.0,87.6,11.0,11.4,3.2,,,8.0,False
Thomas Welsh,2018.0,2017,58.0,PF-C,212.1,115.2,213.4,278.1,,,11.0,,,22.9,26.7,10.9,True
Troy Brown,2018.0,2018,15.0,SF,197.5,94.3,208.9,266.7,66.0,83.8,5.0,11.5,3.3,22.9,24.8,7.0,True
JaJuan Johnson,2011.0,2011,27.0,PF,205.7,99.7,218.4,273.0,85.1,96.5,15.0,11.2,3.1,22.9,25.4,7.5,True
Luke Ridnour,2003.0,2003,14.0,PG,185.4,75.7,190.5,242.6,66.0,82.6,0.0,11.0,3.3,,,5.3,True
Darrell Arthur,2008.0,2008,27.0,PF,201.9,98.0,210.2,271.8,72.4,76.2,12.0,12.2,3.1,,,7.3,True
Jamie Skeen,,2011,,PF,199.4,109.6,216.5,270.5,66.0,77.5,10.0,12.4,3.5,21.6,21.6,9.8,False
Malik Hairston,2008.0,2008,48.0,SG,193.7,92.5,205.7,262.9,77.5,96.5,13.0,11.3,3.1,,,6.9,True
Allen Crabbe,2013.0,2013,31.0,SG,196.2,89.5,211.5,262.9,77.5,91.4,10.0,10.7,3.3,21.0,21.6,4.6,True
James Fredette,,2011,,PG,184.8,88.9,194.3,245.1,71.1,83.8,14.0,10.4,3.2,20.3,21.6,7.7,False
Nassir Little,2019.0,2019,25.0,SF,194.3,101.7,216.5,265.4,78.7,97.8,5.0,12.2,3.2,22.2,25.4,5.9,True
Matt Haryasz,,2006,,PF-C,207.6,99.3,214.0,273.0,69.8,80.0,10.0,11.3,3.5,,,9.8,False
Kevin Jones,,2012,,PF,198.8,113.9,217.2,266.7,69.8,82.6,17.0,11.9,3.6,22.9,19.7,11.2,False
Takais Brown,,2008,,PF,201.3,114.3,208.3,269.2,73.7,78.7,22.0,12.5,3.2,,,9.2,False
Matt Freije,2004.0,2004,53.0,SF-PF,203.8,106.1,215.9,275.6,74.9,78.7,13.0,11.2,3.2,,,10.8,True
Thaddeus Young,2007.0,2007,12.0,SF,197.5,95.3,212.1,269.2,87.6,94.0,13.0,11.1,3.2,,,4.9,True
Andre Hutson,,2001,,PF,203.8,110.7,212.7,268.0,73.7,82.6,17.0,11.2,3.3,,,11.7,False
Will Clyburn,,2013,,SF-SG,197.5,95.4,214.0,266.7,71.1,87.6,3.0,11.7,3.4,23.5,26.0,6.8,False
Aaron Gordon,2014.0,2014,4.0,PF,201.9,99.8,212.7,266.7,82.6,99.1,,10.8,3.3,22.2,26.7,5.0,True
George Hill,2008.0,2008,26.0,PG,186.1,82.1,205.7,247.6,86.4,95.2,9.0,12.2,3.1,,,3.0,True
Jackie Butler,,2004,,C,203.2,119.3,217.2,276.9,58.4,63.5,14.0,13.3,3.4,,,16.3,False
Peter Ramos,2004.0,2004,32.0,C,217.8,120.7,227.3,283.2,61.0,67.3,2.0,12.6,3.6,,,6.7,True
Darko Milicic,2003.0,2003,2.0,PF,212.1,113.4,226.1,283.2,67.3,82.6,13.0,11.3,3.4,,,8.0,True
Blake Schilb,,2006,,PG-SG,196.2,94.8,205.1,259.1,72.4,87.6,13.0,11.2,3.4,,,11.3,False
Richaun Holmes,2015.0,2015,37.0,PF,203.8,110.1,217.2,274.3,82.6,91.4,15.0,11.2,3.3,21.6,21.6,8.8,True
Sam Young,2009.0,2009,36.0,SF-SG,196.2,101.1,210.2,268.0,69.8,83.8,,11.5,3.4,,,4.9,True
Kentrell Gransberry,,2008,,C,200.0,131.5,208.9,269.2,62.2,69.8,18.0,12.2,3.3,,,17.4,False
Will Barton,2012.0,2012,40.0,SG-SF,195.6,79.1,207.6,260.4,76.2,86.4,0.0,12.5,3.6,22.9,24.1,4.1,True
Mamadi Diakite,,2020,,PF,204.5,100.7,222.9,271.8,71.1,94.0,,12.0,3.2,22.9,26.0,7.8,False
Dan Grunfeld,,2006,,SF-SG,194.9,98.0,198.8,251.5,71.1,85.1,16.0,11.3,3.5,,,10.4,False
Craig Brackins,2010.0,2010,21.0,PF-SF,204.5,103.9,213.4,276.9,66.0,88.9,6.0,11.6,3.4,24.1,28.6,7.9,True
Kareem Rush,2002.0,2002,20.0,SG-SF,194.9,90.3,207.6,262.9,66.0,76.2,15.0,11.9,3.2,,,,True
Tony Mitchell,2013.0,2013,37.0,PF-SF,201.9,107.2,219.7,270.5,85.1,96.5,13.0,11.8,3.5,22.9,25.4,5.6,True
Jalen Lecque,,2019,,PG,189.2,84.0,204.5,250.2,88.9,109.2,1.0,11.1,3.3,22.2,21.6,4.0,False
Shelden Williams,2006.0,2006,5.0,PF-C,201.9,117.0,224.2,264.2,73.7,85.1,25.0,11.5,3.6,,,11.4,True
Davon Reed,2017.0,2017,32.0,SG-SF,194.3,93.5,213.4,259.1,72.4,91.4,12.0,11.4,3.3,23.5,24.1,6.5,True
Brandon Clarke,2019.0,2019,21.0,SF,201.3,94.0,203.8,259.1,86.4,102.9,10.0,10.6,3.2,21.0,24.1,4.9,True
Ugonna Okyekwe,,2003,,SF,201.3,103.4,221.0,276.9,81.3,92.7,8.0,11.4,3.2,,,4.3,False
Damone Brown,2001.0,2001,36.0,SF,203.8,91.6,212.7,265.4,81.3,94.0,6.0,11.8,3.3,,,6.7,True
Craig Bradshaw,,2007,,PF,203.2,108.9,217.2,270.5,66.0,71.1,12.0,11.9,3.5,,,12.1,False
Jarron Collins,2001.0,2001,52.0,C-PF,206.4,114.3,221.0,264.2,58.4,73.7,10.0,11.6,3.6,,,15.2,True
Gary Forbes,,2008,,SG,194.3,100.0,211.5,265.4,69.8,85.1,13.0,11.4,3.2,,,6.5,False
Mfiondu Kabengele,2019.0,2019,27.0,PF,205.1,116.2,221.0,278.1,71.1,90.2,6.0,11.2,3.2,23.5,27.3,5.1,True
Luis Flores,2004.0,2004,55.0,PG-SG,184.2,91.6,201.9,250.2,73.7,81.3,15.0,11.0,3.1,,,6.0,True
Ty Lawson,2009.0,2009,18.0,PG,181.0,89.2,184.8,240.0,73.7,92.7,14.0,11.0,3.1,,,6.6,True
Kyle Wiltjer,,2016,,PF,205.1,110.1,214.0,260.4,72.4,90.2,,11.4,3.5,21.0,24.1,15.2,False
Kawhi Leonard,2011.0,2011,15.0,SF,198.1,103.1,221.0,269.2,64.8,81.3,3.0,11.4,3.2,24.8,28.6,5.4,True
Luka Samanic,2019.0,2019,19.0,PF,207.0,103.1,209.6,271.8,68.6,96.5,7.0,11.0,3.3,21.6,22.9,5.6,True
Festus Ezeli,2012.0,2012,30.0,C-PF,207.6,119.8,228.0,274.3,86.4,85.1,18.0,12.4,3.3,22.9,27.3,5.5,True
Tyler Lydon,2017.0,2017,24.0,PF,203.8,97.5,213.4,273.0,74.9,85.1,1.0,11.7,3.5,22.2,22.2,13.6,True
Myck Kabongo,,2013,,PG,186.1,81.8,198.8,248.9,69.8,85.1,2.0,10.6,3.4,21.0,22.9,6.0,False
Eddy Curry,2001.0,2001,4.0,C,209.6,136.5,229.9,281.9,71.1,78.7,16.0,12.2,3.5,,,16.5,True
Lamar Stevens,,2020,,SF-PF,197.5,103.4,205.7,256.5,88.9,104.1,,10.4,3.2,21.6,24.8,6.8,False
Keith Brumbaugh,,2008,,SF-PF,201.9,86.2,201.3,265.4,66.0,68.6,2.0,11.6,3.3,,,4.0,False
Steve Novak,2006.0,2006,32.0,SF,203.2,98.0,207.0,261.6,62.2,78.7,5.0,11.1,3.4,,,8.1,True
Solomon Hill,2013.0,2013,23.0,SF,196.8,102.5,205.7,261.6,74.9,95.2,14.0,10.8,3.2,22.9,26.7,7.6,True
Brandon Roy,2006.0,2006,6.0,SG-SF,196.2,93.9,203.2,256.5,86.4,102.9,6.0,11.1,3.3,,,7.6,True
Keith Benson,2011.0,2011,48.0,C-PF,208.3,98.4,222.9,278.1,80.0,91.4,12.0,11.9,3.4,24.1,27.9,6.1,True
Michael Carter-Williams,2013.0,2013,11.0,PG,194.9,83.6,201.3,256.5,80.0,104.1,8.0,10.7,3.2,19.0,21.6,4.4,True
Joe Harris,2014.0,2014,33.0,SG,194.9,97.5,198.1,254.0,72.4,85.1,,11.1,3.3,21.6,24.8,6.2,True
Curtis Stinson,,2006,,SG,187.3,94.3,195.6,247.6,71.1,80.0,17.0,11.0,3.3,,,6.0,False
Tony Bradley,2017.0,2017,28.0,C,206.4,112.9,226.1,285.8,62.2,69.8,5.0,11.8,3.4,24.1,24.1,12.0,True
Richard Jefferson,2001.0,2001,13.0,SF,201.3,101.2,213.4,261.6,83.8,97.8,14.0,11.2,3.2,,,6.7,True
Rudy Gobert,2013.0,2013,27.0,C,214.6,107.8,235.0,292.1,63.5,73.7,7.0,12.8,3.6,24.8,25.4,4.4,True
Jonathan Holmes,,2015,,PF-SF,203.8,109.9,212.1,273.0,64.8,78.7,,11.0,3.5,21.0,24.1,7.2,False
Sindarius Thornwell,2017.0,2017,48.0,SG-SF,191.8,96.0,208.3,261.6,68.6,77.5,15.0,11.5,3.4,22.2,22.2,7.8,True
Julius Hodge,2005.0,2005,20.0,SG-SF,198.1,91.7,214.6,273.0,62.2,73.7,14.0,10.9,3.2,,,,True
Tony Mitchell,,2012,,SG,196.2,98.2,208.3,254.0,80.0,101.6,14.0,11.7,3.5,21.6,25.4,5.7,False
Shawne Williams,2006.0,2006,17.0,SF-PF,201.3,103.0,221.0,264.2,81.3,78.7,,10.7,3.3,,,8.0,True
Branden Dawson,2015.0,2015,56.0,PF,196.8,104.4,210.8,266.7,72.4,87.6,12.0,12.2,3.2,22.9,22.2,5.8,True
Brandon Rush,2008.0,2005,13.0,SG-SF,195.6,95.9,211.5,265.4,82.6,88.9,0.0,11.3,3.3,,,,True
Alton Ford,2001.0,2001,50.0,PF,203.8,122.9,209.6,260.4,87.6,92.7,21.0,11.7,3.2,,,8.0,True
Cameron Oliver,,2017,,PF,200.7,108.2,216.5,270.5,71.1,100.3,5.0,12.2,3.2,24.1,26.0,7.7,False
Dwight Howard,2004.0,2004,1.0,PF-C,205.7,108.9,224.8,283.2,77.5,90.2,7.0,11.2,3.1,,,10.5,True
Tyrus Thomas,2006.0,2006,4.0,PF-SF,201.3,98.4,221.0,274.3,86.4,100.3,8.0,11.4,3.2,,,5.6,True
Sam Clancy,2002.0,2001,44.0,PF,198.8,109.8,220.3,271.8,78.7,86.4,15.0,11.5,3.1,,,8.0,True
Tate Decker,,2001,,SF,206.4,98.9,212.7,271.8,64.8,72.4,13.0,12.2,3.5,,,13.6,False
Kim English,2012.0,2012,44.0,SG,194.3,87.1,199.4,248.9,73.7,92.7,,10.6,3.3,21.6,22.2,4.3,True
Mike Mardesich,,2001,,C-PF,208.9,112.0,214.6,275.6,61.0,76.2,8.0,11.6,3.4,,,13.6,False
Cory Joseph,2011.0,2011,29.0,PG,188.0,84.5,196.8,251.5,69.8,88.9,5.0,10.8,3.3,21.6,26.7,9.7,True
Quinn Cook,,2015,,PG,183.5,81.2,193.0,245.1,62.2,78.7,14.0,11.4,3.4,19.0,22.2,6.7,False
Will McDonald,,2003,,C-PF,207.0,117.0,222.2,278.1,63.5,82.6,17.0,11.8,3.4,,,13.6,False
Malik Newman,,2018,,SG,189.2,85.8,196.8,250.2,69.8,85.1,,10.9,3.1,21.6,24.1,6.2,False
Alec Burks,2011.0,2011,12.0,SG,195.6,87.4,208.3,262.9,73.7,91.4,5.0,11.0,3.2,22.9,21.0,5.1,True
Zhaire Smith,2018.0,2018,16.0,SF-SG,189.9,90.1,207.6,254.0,83.8,105.4,10.0,11.0,3.0,22.2,21.0,6.0,True
Taurean Prince,2016.0,2016,12.0,SF,199.4,99.9,212.1,259.1,86.4,91.4,,11.0,3.2,22.9,21.6,6.4,True
Anthony Evans,,2001,,PF,198.1,121.1,212.1,257.8,80.0,83.8,18.0,12.6,3.3,,,12.9,False
Jevon Carter,2018.0,2018,32.0,PG,183.5,89.0,193.7,241.3,73.7,92.7,14.0,11.0,3.2,23.5,21.6,4.2,True
Gerald Henderson,2009.0,2009,12.0,SG-SF,193.0,97.3,208.9,260.4,80.0,88.9,8.0,11.2,3.1,,,4.4,True
Justin Patton,2017.0,2017,16.0,C,208.3,103.9,221.0,283.2,66.0,77.5,,11.8,3.5,22.2,24.8,7.8,True
Keifer Sykes,,2015,,PG,179.1,75.8,188.0,236.2,86.4,109.2,8.0,10.5,3.1,21.6,24.1,5.0,False
Marcus Thornton,2009.0,2009,43.0,SG,189.9,88.2,195.6,251.5,78.7,83.8,14.0,10.7,3.3,,,4.8,True
Melvin Ejim,,2014,,SF,196.2,99.1,211.5,262.9,74.9,88.9,,11.6,3.1,22.2,23.5,6.4,False
Troy Murphy,2001.0,2001,14.0,PF,207.6,104.3,210.8,268.0,72.4,87.6,11.0,11.2,3.4,,,11.7,True
Jordan Taylor,,2012,,PG,185.4,87.5,190.5,235.0,83.8,92.7,14.0,10.6,3.2,21.0,24.1,5.5,False
Marcus Hatten,,2003,,PG,184.8,73.9,198.8,248.9,74.9,95.2,7.0,11.5,3.2,,,4.0,False
Lou Amundson,,2006,,PF,201.2,100.2,212.1,262.9,81.3,90.2,14.0,10.6,3.2,,,6.8,False
Craig Smith,2006.0,2006,36.0,PF,196.8,117.5,207.0,262.9,76.2,74.9,,11.6,3.4,,,12.2,True
Kaleb Wesson,,2020,,C,206.4,114.6,222.2,283.2,54.6,68.6,,11.7,3.6,22.9,27.3,12.5,False
Dorian Finney-Smith,,2016,,SF,199.4,96.4,212.7,268.0,82.6,90.2,,11.0,3.3,22.9,24.8,6.4,False
Hamidou Diallo,2018.0,2018,45.0,SG,193.7,89.4,212.1,261.6,82.6,102.9,1.0,10.5,3.1,22.2,22.9,4.4,True
Othello Hunter,,2008,,PF-SF,199.4,99.8,221.0,278.1,71.1,87.6,7.0,11.5,3.2,,,6.4,False
Tito Maddox,2002.0,2002,37.0,PG,190.5,90.7,195.6,251.5,68.6,82.6,0.0,12.2,3.2,,,,True
Xavier Henry,2010.0,2010,12.0,SG,196.2,95.3,211.5,266.7,72.4,92.7,8.0,11.1,3.2,22.2,25.4,4.7,True
Luc Mbah a Moute,2008.0,2008,37.0,SF,197.5,100.2,219.7,262.9,81.3,97.8,11.0,11.7,3.2,,,7.0,True
Deron Williams,2005.0,2005,3.0,PG,187.3,91.8,198.8,248.9,76.2,88.9,15.0,10.8,3.2,,,,True
Emeka Okafor,2004.0,2004,2.0,C-PF,205.1,116.6,223.5,280.7,80.0,86.4,22.0,12.3,3.2,,,5.3,True
Omar Cook,2001.0,2001,31.0,PG,181.6,85.7,196.8,233.7,78.7,90.2,9.0,10.8,3.2,,,5.5,True
Jamaal Tinsley,2001.0,2001,27.0,PG,184.8,90.3,201.9,247.6,71.1,95.2,1.0,12.0,3.2,,,13.6,True
Donovan Mitchell,2017.0,2017,13.0,SG,186.1,95.9,208.3,246.4,92.7,102.9,10.0,11.5,3.0,21.6,24.1,5.9,True
Jackie Carmichael,,2013,,PF,201.9,109.4,217.2,271.8,76.2,81.3,13.0,11.8,3.4,22.9,26.0,5.8,False
Michael Southhall,,2006,,C,207.0,109.3,224.2,273.0,80.0,94.0,2.0,12.3,3.5,,,7.9,False
Arnett Moultrie,2012.0,2012,27.0,PF,207.0,105.6,219.1,270.5,85.1,95.2,10.0,11.3,3.2,23.5,23.5,7.7,True
Svi Mykhailiuk,2018.0,2017,47.0,SG-SF,199.4,99.6,195.6,254.0,68.6,83.8,8.0,12.4,3.5,20.3,23.5,11.4,True
Uche Nsonwu-Amadi,,2003,,PF-C,202.6,111.6,222.9,270.5,69.8,73.7,21.0,11.8,3.2,,,6.0,False
Ryan Gomes,2005.0,2004,50.0,SF-PF,199.4,112.5,218.4,270.5,67.3,77.5,9.0,12.5,3.2,,,,True
Jerome Beasley,2003.0,2003,33.0,SF-PF,205.7,107.5,214.6,271.8,68.6,81.3,10.0,11.4,3.2,,,9.9,True
Landry Shamet,2018.0,2018,26.0,PG,193.0,85.5,200.0,254.0,78.7,100.3,8.0,11.3,3.1,20.3,22.9,4.8,True
Peyton Siva,2013.0,2013,56.0,PG,181.6,81.9,190.5,236.2,85.1,105.4,15.0,10.6,3.2,20.3,24.8,6.0,True
Jodie Meeks,2009.0,2009,41.0,SG,190.5,95.9,194.3,248.9,72.4,94.0,14.0,11.0,3.1,,,8.0,True
Carl Krauser,,2006,,PG,182.2,86.2,198.8,246.4,66.0,78.7,8.0,11.6,3.4,,,8.0,False
Richard Hendrix,2008.0,2008,49.0,PF,200.0,113.4,221.0,274.3,67.3,71.1,13.0,10.6,3.3,,,9.2,True
Jaron Blossomgame,2017.0,2016,59.0,SF,198.8,96.9,208.3,259.1,88.9,104.1,,11.5,3.2,21.6,25.4,5.2,True
Ben Bentil,2016.0,2016,51.0,PF,201.3,104.0,217.2,266.7,73.7,83.8,,11.2,3.3,24.1,25.4,9.7,True
Phil Pressey,,2013,,PG,176.5,80.3,188.6,233.7,83.8,97.8,7.0,10.9,3.1,19.7,24.8,4.7,False
DaJuan Summers,2009.0,2009,35.0,SF,201.3,110.2,215.3,270.5,74.9,87.6,15.0,10.9,3.2,,,6.6,True
Bernard James,2012.0,2012,33.0,PF,205.1,104.2,221.0,275.6,76.2,82.6,6.0,11.8,3.4,22.9,23.5,5.0,True
Blake Griffin,2009.0,2009,1.0,PF,204.5,112.7,211.5,266.7,81.3,90.2,22.0,11.0,3.3,,,8.2,True
Jiri Hubalek,,2008,,C-PF,207.0,102.5,210.2,276.9,52.1,66.0,2.0,12.3,3.5,,,8.8,False
Wayne Simien,2005.0,2005,29.0,PF,201.3,116.0,213.4,271.8,68.6,69.8,11.0,11.0,3.4,,,,True
Larry Sanders,2010.0,2010,15.0,PF-C,206.4,100.9,228.0,284.5,64.8,71.1,7.0,12.5,3.3,24.8,27.9,4.6,True
Jeremy Tyler,2011.0,2011,39.0,PF-C,205.7,119.0,226.1,280.7,71.1,85.1,10.0,11.3,3.3,23.5,22.9,13.4,True
Rodney Hood,2014.0,2014,23.0,SF,201.3,94.4,204.5,261.6,73.7,91.4,,11.2,3.4,21.6,21.6,7.4,True
Darrell Johns,,2001,,C,211.5,126.1,226.1,283.2,59.7,76.2,18.0,12.4,3.6,,,19.1,False
Yante Maten,,2018,,PF-C,201.3,111.7,214.6,273.0,68.6,80.0,18.0,11.4,3.2,23.5,25.4,8.1,False
Lorenzo Brown,2013.0,2013,52.0,PG,193.0,85.8,200.7,254.0,71.1,86.4,8.0,11.8,3.4,21.0,21.6,4.0,True
Chris Massie,,2003,,PF-C,199.4,117.5,215.9,270.5,67.3,83.8,13.0,12.5,3.2,,,14.8,False
Herbert Hill,2007.0,2007,55.0,C,200.7,105.2,219.1,275.6,77.5,86.4,15.0,12.3,3.4,,,5.6,True
Dante Exum,2014.0,2014,5.0,SG,194.3,89.0,207.0,261.6,80.0,87.6,,10.8,3.2,21.6,24.1,6.4,True
Markel Brown,2014.0,2014,44.0,SG,189.2,83.6,205.1,254.0,92.7,110.5,,12.6,3.2,21.0,24.8,4.2,True
Jared Jeffries,2002.0,2002,11.0,PF,208.3,104.3,214.6,276.9,66.0,76.2,9.0,11.7,3.4,,,,True
Robert Archibald,2002.0,2002,31.0,PF-C,208.3,113.4,212.7,278.1,61.0,69.8,10.0,11.3,3.3,,,,True
Sonny Weems,2008.0,2008,39.0,SG-SF,193.0,87.5,208.3,264.2,73.7,92.7,12.0,10.6,3.0,,,4.4,True
Zach LaVine,2014.0,2014,13.0,PG,194.3,82.1,203.8,254.0,85.1,105.4,,10.4,3.2,21.0,22.2,4.7,True
Rickey Paulding,,2004,,SG,189.9,95.3,207.0,257.8,76.2,91.4,17.0,11.1,3.2,,,5.3,False
DeVon Hardin,2008.0,2008,50.0,C-PF,207.0,106.6,221.0,278.1,74.9,81.3,20.0,11.5,3.3,,,5.8,True
Justin Williams,,2006,,C-PF,201.3,95.7,217.2,276.9,67.3,80.0,7.0,11.9,3.3,,,6.5,False
Jeff Green,2007.0,2007,5.0,SF,200.7,103.4,216.5,261.6,85.1,96.5,17.0,12.0,3.3,,,3.7,True
Jon Diebler,2011.0,2011,51.0,SG,196.2,89.2,198.1,251.5,71.1,88.9,2.0,10.9,3.4,21.0,21.0,8.5,True
Dylan Page,,2004,,SF,201.9,108.4,200.7,266.7,66.0,76.2,17.0,11.0,3.4,,,12.3,False
Allan Ray,,2006,,SG,185.4,92.5,204.5,252.7,72.4,90.2,9.0,11.0,3.2,,,9.8,False
Austin Rivers,2012.0,2012,10.0,SG-PG,191.8,92.0,201.3,245.1,82.6,95.2,1.0,11.5,3.3,21.6,25.4,6.2,True
DeAndre Jordan,2008.0,2008,35.0,C,207.6,113.4,228.6,288.3,66.0,77.5,8.0,12.3,3.3,,,7.5,True
Alex Kirk,,2014,,PF,206.4,114.3,222.2,278.1,72.4,80.0,,11.2,3.5,23.5,26.7,13.6,False
Kendall Williams,,2014,,PG,188.6,83.0,196.8,251.5,68.6,83.8,,10.8,,20.3,19.7,7.2,False
Brandon Armstrong,2001.0,2001,23.0,SG,191.8,85.3,207.0,252.7,76.2,94.0,6.0,10.9,3.2,,,9.3,True
Marcus Smart,2014.0,2014,6.0,PG,188.0,103.1,206.4,251.5,83.8,91.4,,10.8,3.3,22.9,22.2,10.6,True
Demetrius Porter,,2001,,PG,179.7,80.7,189.9,238.8,66.0,78.7,5.0,11.5,3.3,,,12.4,False
Tim Bowers,,2004,,PG-SG,184.2,82.1,205.7,248.9,94.0,110.5,13.0,11.2,3.2,,,2.6,False
Tyler Cook,,2019,,PF,201.3,111.3,214.6,270.5,69.8,81.3,11.0,11.3,3.3,24.1,27.3,6.1,False
Nathan Knight,,2020,,PF-C,203.2,106.6,218.4,278.1,58.4,80.0,,11.6,3.3,22.9,24.1,8.2,False
JJ Redick,2006.0,2006,11.0,SG,193.0,86.2,191.1,247.6,69.8,83.8,6.0,10.9,3.3,,,7.0,True
Michael Beasley,2008.0,2008,2.0,PF-SF,200.7,108.4,214.0,271.8,76.2,88.9,19.0,11.1,3.2,,,7.7,True
Jordan Clarkson,2014.0,2014,46.0,PG,191.1,84.5,203.2,248.9,83.8,97.8,,10.8,3.3,21.0,22.9,4.3,True
Paul Miller,,2006,,PF-C,204.5,113.9,213.4,257.8,73.7,90.2,25.0,12.2,3.7,,,13.8,False
Ramon Sessions,2007.0,2007,56.0,PG,188.0,83.9,193.7,247.6,74.9,85.1,8.0,11.6,3.3,,,6.2,True
Joe Crawford,,2008,,SG,190.5,96.6,197.5,252.7,78.7,91.4,13.0,11.7,3.2,,,7.6,False
Taj Gibson,2009.0,2009,26.0,PF,204.5,97.3,223.5,276.9,64.8,76.2,12.0,11.6,3.4,,,6.6,True
Bobby Brown,,2007,,PG,180.3,77.1,193.0,242.6,82.6,104.1,3.0,11.3,3.2,,,6.6,False
Ken Johnson,2001.0,2001,48.0,C,210.2,103.0,223.5,278.1,82.6,88.9,13.0,11.3,3.1,,,9.9,True
Malcolm Thomas,,2011,,PF,201.9,101.2,214.6,273.0,81.3,92.7,3.0,11.3,3.3,24.1,26.7,5.9,False
Cory Hightower,2000.0,2000,54.0,SG-SF,196.8,83.0,210.8,257.8,74.9,87.6,0.0,11.9,3.4,,,,True
Jordan Bone,2019.0,2019,57.0,SG,186.7,81.2,191.1,241.3,91.4,108.0,7.0,10.0,3.1,19.0,23.5,5.0,True
J.P. Tokoto,2015.0,2015,58.0,SF-SG,196.2,88.8,208.3,255.3,87.6,101.6,12.0,11.0,3.3,20.3,22.2,4.1,True
Ekene Ibekwe,,2007,,PF,203.2,94.3,228.6,264.2,87.6,99.1,10.0,11.0,3.3,,,3.2,False
Yemi Nicholson,,2006,,PF-C,202.6,117.0,224.2,271.8,67.3,66.0,8.0,12.6,3.6,,,17.2,False
Jason Gardner,,2003,,PG,177.2,88.0,185.4,233.7,77.5,88.9,10.0,10.6,3.2,,,9.3,False
Erik Murphy,2013.0,2013,49.0,PF,205.1,108.8,209.6,274.3,62.2,74.9,13.0,12.2,3.6,22.2,24.8,8.0,True
Kyle Singler,2011.0,2011,33.0,SF,201.9,103.4,208.5,269.2,58.4,76.2,10.0,11.2,3.2,21.0,22.2,10.0,True
Darius Miller,2012.0,2012,46.0,SF-SG,198.1,105.9,205.7,256.5,83.8,94.0,14.0,11.3,3.3,21.6,22.2,7.5,True
Marcus Douthit,,2004,,C-PF,207.0,101.2,223.5,283.2,64.8,80.0,1.0,11.6,3.3,,,13.7,False
Doron Lamb,2012.0,2012,42.0,SG-PG,191.1,90.4,200.0,250.2,73.7,85.1,2.0,11.1,3.4,21.6,22.2,6.7,True
Damian Lillard,2012.0,2012,6.0,PG,187.3,85.6,202.6,242.6,87.6,100.3,13.0,11.2,3.3,22.2,24.8,5.9,True
Tony Allen,2004.0,2004,25.0,SG,191.8,97.1,205.7,259.1,80.0,92.7,17.0,10.7,3.2,,,6.7,True
Damien Wilkins,,2004,,SG-SF,194.3,100.7,213.4,269.2,67.3,78.7,15.0,11.9,3.2,,,7.3,False
Marquis Estill,,2003,,PF-C,204.5,116.6,223.5,274.3,76.2,91.4,7.0,12.9,3.3,,,11.7,False
John Collins,2017.0,2017,19.0,PF,203.8,102.1,211.5,270.5,83.8,95.2,15.0,11.7,3.3,22.9,25.4,5.4,True
Ryvon Covile,,2007,,C-PF,200.7,113.4,216.5,273.0,63.5,77.5,19.0,12.5,3.4,,,8.0,False
Ky Bowman,,2019,,PG,185.4,82.2,200.7,248.9,69.8,83.8,4.0,11.1,3.3,21.0,22.9,4.9,False
Tyler Harvey,2015.0,2015,51.0,SG,189.9,82.3,196.8,250.2,66.0,72.4,1.0,10.6,3.4,19.7,22.2,9.2,True
Bobby Portis,2015.0,2015,22.0,PF,207.0,111.7,218.4,275.6,63.5,80.0,5.0,11.8,3.6,24.1,23.5,8.9,True
Bernard King,,2003,,SG-PG,192.4,90.7,196.8,250.2,71.1,85.1,11.0,11.4,3.2,,,12.9,False
Isaiah Canaan,2013.0,2013,34.0,PG,180.3,85.5,194.3,240.0,83.8,102.9,16.0,11.0,3.2,21.0,24.1,5.9,True
Cody Martin,2019.0,2019,36.0,PG-SG,194.9,87.2,208.9,260.4,71.1,90.2,7.0,10.4,3.3,21.0,22.9,5.0,True
Sammy Mejia,2007.0,2007,57.0,SG,195.6,98.9,210.8,266.7,68.6,80.0,7.0,11.9,3.5,,,8.3,True
Kirk Hinrich,2003.0,2003,7.0,PG-SG,189.9,84.4,198.1,250.2,73.7,85.1,10.0,11.0,3.1,,,5.3,True
Desmon Farmer,,2004,,SG,194.3,97.1,204.5,261.6,61.0,78.7,12.0,10.9,3.2,,,5.3,False
Khyri Thomas,2018.0,2018,38.0,SG,189.2,90.2,209.6,256.5,76.2,88.9,14.0,11.0,3.2,22.2,23.5,6.4,True
Michael Ignerski,,2003,,PF-SF,207.0,105.2,210.2,271.8,67.3,83.8,10.0,11.2,3.1,,,10.5,False
Jalen Harris,2020.0,2020,59.0,SG,189.9,87.7,200.7,247.6,95.2,108.0,,10.6,3.1,21.0,24.1,4.4,True
Earl Clark,2009.0,2009,14.0,SF-PF,204.5,103.6,219.7,278.1,72.4,83.8,5.0,11.2,3.4,,,5.2,True
Rudy Gay,2006.0,2006,8.0,SF-PF,200.7,100.7,221.0,273.0,83.8,102.9,9.0,11.0,3.3,,,5.7,True
Udoka Azubuike,2020.0,2020,27.0,C,208.3,117.7,231.8,276.9,94.0,104.1,,11.8,3.2,23.5,25.4,9.6,True
Chasson Randle,,2015,,PG,183.5,81.1,200.7,245.1,85.1,100.3,6.0,10.6,3.2,21.6,24.1,4.5,False
Dionte Christmas,,2009,,SG,193.7,95.6,205.7,260.4,68.6,85.1,3.0,10.8,3.2,,,7.1,False
Brad Newley,,2007,,SG,195.6,91.2,203.2,260.4,74.9,80.0,3.0,11.8,3.3,,,8.0,False
Shamorie Ponds,,2019,,PG,181.6,81.6,191.8,245.1,73.7,94.0,0.0,11.0,3.2,19.7,20.3,9.8,False
Francisco Garcia,2005.0,2005,23.0,SF-SG,197.5,86.0,210.2,261.6,69.8,80.0,5.0,10.6,3.3,,,,True
Jordan Williams,2011.0,2011,36.0,PF,202.6,112.1,214.0,270.5,63.5,77.5,10.0,12.7,3.4,23.5,25.4,12.1,True
Jason Smith,2007.0,2007,20.0,PF,210.2,105.7,210.2,269.2,85.1,95.2,15.0,11.0,3.3,,,7.5,True
Kay Felder,2016.0,2016,54.0,PG,173.4,80.4,189.2,224.8,90.2,111.8,,11.5,3.2,21.0,21.6,5.8,True
Matt Bonner,2003.0,2003,45.0,PF-SF,204.5,109.8,205.1,268.0,68.6,81.3,20.0,11.5,3.3,,,13.6,True
Ike Diogu,2005.0,2005,9.0,PF,199.4,115.8,222.2,276.9,71.1,78.7,21.0,11.9,3.4,,,,True
Sani Ibrahim,,2003,,C-PF,204.5,103.9,215.9,278.1,66.0,77.5,12.0,13.0,3.4,,,9.3,False
Loren Woods,2001.0,2001,45.0,C-PF,215.3,111.6,227.3,287.0,62.2,71.1,10.0,11.8,3.5,,,9.3,True
Eddie House,2000.0,2000,37.0,SG-PG,182.2,80.1,191.8,241.3,74.9,97.8,5.0,11.1,3.3,,,,True
Bryce Taylor,,2008,,SG,189.9,95.3,205.7,252.7,87.6,104.1,16.0,11.1,3.2,,,8.3,False
Marquese Chriss,2016.0,2016,8.0,PF,205.1,105.7,214.0,266.7,82.6,97.8,,11.9,3.3,22.9,22.9,8.5,True
Nate Robinson,2005.0,2004,21.0,PG,172.1,82.1,185.4,232.4,90.2,110.5,13.0,10.8,3.0,,,6.7,True
Cassius Winston,2020.0,2020,53.0,PG,184.2,88.9,198.1,246.4,61.0,71.1,,11.2,3.6,22.2,21.0,9.0,True
Stephen Curry,2009.0,2009,7.0,PG-SG,188.0,82.1,191.8,246.4,74.9,90.2,10.0,11.1,3.3,,,5.7,True
Mike Scott,2012.0,2012,43.0,PF,201.3,109.2,210.2,264.2,68.6,82.6,14.0,11.6,3.4,21.6,22.9,10.6,True
Malcolm Brogdon,2016.0,2016,36.0,SG,192.4,101.2,209.6,248.9,77.5,90.2,,10.8,3.3,22.9,26.0,5.4,True
Bobby Simmons,2001.0,2001,41.0,SF,198.8,106.6,214.0,266.7,69.8,86.4,12.0,11.7,3.4,,,6.7,True
Shaun Pruitt,,2008,,C-PF,203.8,109.9,215.9,273.0,68.6,82.6,10.0,11.3,3.4,,,13.8,False
Jon Leuer,2011.0,2011,40.0,PF,208.3,101.2,213.4,268.0,74.9,92.7,14.0,10.8,3.4,22.2,24.8,5.4,True
Ali Traore,,2007,,C-PF,205.1,112.9,223.5,275.6,63.5,73.7,11.0,12.2,3.5,,,12.1,False
Thon Maker,2016.0,2016,10.0,PF,212.7,98.0,221.0,280.7,81.3,92.7,,11.2,3.3,22.2,24.1,6.0,True
E'Twaun Moore,2011.0,2011,55.0,SG,189.2,86.8,207.0,252.7,81.3,87.6,,11.1,3.3,22.9,25.4,7.6,True
Ian Vouyoukas,,2006,,C-PF,204.5,121.1,215.3,275.6,58.4,71.1,8.0,13.7,3.7,,,14.8,False
Eric Williams,,2006,,C-PF,201.3,129.3,224.2,270.5,72.4,73.7,17.0,11.7,3.6,,,13.0,False
Mark Tyndale,,2008,,SG-SF,189.9,98.4,210.8,262.9,68.6,85.1,5.0,12.5,3.1,,,6.7,False
Vander Blue,,2013,,SG,191.8,89.5,198.1,255.3,71.1,95.2,4.0,10.4,3.1,21.6,24.1,4.6,False
Pat Connaughton,2015.0,2015,41.0,SG,193.0,97.5,203.2,243.8,95.2,111.8,13.0,10.6,3.2,21.6,23.5,10.2,True
Daniel Hamilton,2016.0,2016,56.0,SG-SF,198.8,89.4,205.7,262.9,66.0,73.7,,11.5,3.4,22.9,21.6,6.0,True
Shane Larkin,2013.0,2013,18.0,PG,178.4,77.5,179.7,227.3,87.6,111.8,12.0,10.6,3.1,19.0,22.2,3.8,True
John Salmons,2002.0,2002,26.0,SF-SG,196.8,93.9,208.9,264.2,77.5,87.6,12.0,11.4,3.2,,,,True
Scott Machado,,2012,,PG,185.4,93.3,193.0,240.0,68.6,82.6,17.0,11.3,3.3,21.6,24.1,5.8,False
Cedric Simmons,2006.0,2006,15.0,PF-C,203.8,101.2,224.2,275.6,77.5,88.9,15.0,11.0,3.3,,,5.6,True
Charles Jenkins,2011.0,2011,44.0,PG-SG,186.7,98.2,201.9,245.1,74.9,86.4,16.0,11.7,3.2,21.6,22.9,4.3,True
Aleksander Djuric,,2003,,C-PF,208.3,114.8,213.4,274.3,59.7,69.8,3.0,12.0,3.6,,,16.3,False
Ersan Ilyasova,2005.0,2005,36.0,SF,202.6,94.7,216.5,278.1,55.9,76.2,2.0,11.6,3.6,,,,True
Tremont Waters,2019.0,2019,51.0,PG,176.5,78.2,188.6,237.5,77.5,102.9,5.0,10.8,3.1,20.3,24.8,6.6,True
Tu Holloway,,2012,,PG,179.1,84.7,196.8,240.0,71.1,88.9,12.0,11.0,3.4,22.2,25.4,8.5,False
David Lee,2005.0,2005,30.0,PF,202.6,104.1,213.4,270.5,77.5,82.6,14.0,10.8,3.2,,,,True
Jerel McNeal,,2009,,SG,186.7,86.4,201.3,252.7,80.0,92.7,10.0,10.6,3.2,,,5.4,False
Martell Webster,2005.0,2005,6.0,SF,198.1,104.1,210.8,269.2,71.1,77.5,7.0,11.4,3.4,,,,True
Justin Jackson (UNC),2017.0,2017,15.0,SF,200.7,91.1,210.8,265.4,74.9,90.2,,10.8,3.3,22.2,23.5,8.1,True
Meyers Leonard,2012.0,2012,11.0,C,212.7,113.3,221.0,274.3,76.2,82.6,19.0,11.3,3.4,23.5,27.9,5.7,True
Noah Vonleh,2014.0,2014,9.0,PF,203.2,112.1,224.2,274.3,78.7,94.0,,11.4,3.3,24.8,29.8,7.3,True
Kenny Gregory,,2001,,SF,191.8,90.7,211.5,256.5,100.3,115.6,10.0,11.3,3.1,,,6.7,False
Blagota Sekulic,,2004,,SF-PF,206.4,106.1,210.8,271.8,59.7,80.0,8.0,10.9,3.4,,,9.3,False
Andre Iguodala,2004.0,2004,9.0,SG-SF,197.5,98.4,210.8,268.0,77.5,87.6,4.0,11.2,3.2,,,6.7,True
CJ Leslie,,2013,,PF-SF,201.9,94.9,219.1,265.4,82.6,102.9,,10.2,3.1,22.2,22.9,8.0,False
Reggie Perry,2020.0,2020,57.0,PF-C,203.8,113.2,214.0,270.5,76.2,85.1,,11.3,3.2,23.5,27.9,8.4,True
Tyler Ulis,2016.0,2016,34.0,PG,174.6,67.7,188.0,224.8,82.6,96.5,,10.8,3.2,19.0,19.0,5.2,True
Jeff Teague,2009.0,2009,19.0,PG,183.5,79.5,201.9,250.2,77.5,92.7,13.0,11.0,3.2,,,4.5,True
Luther Head,2005.0,2005,24.0,PG-SG,188.0,81.1,196.2,250.2,80.0,97.8,14.0,11.1,3.2,,,,True
Kahlil Whitney,,2020,,SF,196.8,93.0,214.0,268.0,73.7,99.1,,11.2,3.3,23.5,26.0,5.3,False
David West,2003.0,2003,18.0,PF-SF,203.8,102.5,224.2,275.0,72.4,80.0,11.0,12.2,3.4,,,8.0,True
Pape Sow,2004.0,2004,47.0,PF-C,204.5,105.7,218.4,275.6,71.1,80.0,18.0,12.1,3.3,,,9.3,True
Omer Yurtseven,,2017,,C,209.6,112.7,215.9,275.6,66.0,80.0,6.0,12.8,3.4,22.9,26.7,7.6,False
Michael Bradley,2001.0,2001,17.0,PF,207.0,103.0,217.2,271.8,68.6,76.2,13.0,11.1,3.4,,,9.3,True
John Wall,2010.0,2010,1.0,PG,189.9,88.7,206.4,257.8,76.2,99.1,,10.8,3.1,21.0,24.1,5.6,True
K.J. McDaniels,2014.0,2014,32.0,SF,194.3,88.7,211.5,259.1,83.8,94.0,,12.7,3.1,22.2,24.8,4.4,True
Marial Shayok,2019.0,2019,54.0,SF-PF,194.3,89.3,214.0,262.9,74.9,92.7,9.0,11.2,3.4,22.2,23.5,4.7,True
Andrew Bogut,2005.0,2005,1.0,C-PF,210.8,113.7,221.0,280.7,69.8,85.1,13.0,12.1,3.5,,,,True
Mohamed Abukar,,2007,,SF,203.2,95.3,205.7,261.6,77.5,88.9,15.0,11.8,3.4,,,8.9,False
Derrick Favors,2010.0,2010,3.0,PF,205.1,111.2,223.5,279.4,80.0,90.2,14.0,11.7,3.2,22.2,23.5,6.5,True
Fred Jones,2002.0,2002,14.0,SG,188.6,98.9,213.4,254.0,85.1,95.2,,11.1,3.1,,,,True
Zach Norvell Jr.,,2019,,SG,194.3,93.6,198.1,256.5,61.0,76.2,,11.6,3.4,21.6,24.1,7.5,False
Chris Paul,2005.0,2005,4.0,PG,182.2,80.7,193.7,236.2,81.3,96.5,10.0,11.1,3.2,,,,True
George King,2018.0,2018,59.0,SF-SG,194.9,99.2,212.1,257.8,78.7,99.1,15.0,10.8,3.3,22.9,26.0,7.2,True
Adam Morrison,2006.0,2006,3.0,SF,199.4,89.8,208.3,266.7,64.8,77.5,11.0,11.5,3.4,,,6.8,True
Ales Chan,,2004,,C,213.4,115.7,221.0,287.0,53.3,73.7,2.0,12.9,3.6,,,14.8,False
Chris Daniels,,2008,,C-PF,203.8,116.1,214.6,276.9,66.0,72.4,11.0,12.7,3.6,,,16.1,False
Mario Boggan,,2007,,PF,195.6,108.9,218.4,271.8,61.0,67.3,12.0,12.2,3.4,,,9.2,False
Moritz Wagner,2018.0,2017,25.0,PF,208.3,104.9,213.4,274.3,64.8,82.6,,12.0,3.4,22.2,27.3,6.7,True
Shabazz Muhammad,2013.0,2013,14.0,SF-SG,194.9,100.6,210.8,265.4,74.9,94.0,10.0,11.0,3.3,22.9,25.4,9.0,True
Kris Wilkes,,2019,,SF,198.8,94.7,210.2,261.6,69.8,88.9,4.0,10.4,3.3,21.6,24.1,4.9,False
Justin Harper,2011.0,2011,32.0,PF-SF,203.2,103.4,212.7,269.2,72.4,83.8,19.0,11.9,3.3,22.9,23.5,4.0,True
Russell Westbrook,2008.0,2008,4.0,PG,188.6,87.1,202.6,254.0,76.2,92.7,12.0,11.0,3.1,,,4.8,True
Chris Singleton,2011.0,2011,18.0,SF,202.6,104.4,215.9,262.9,77.5,95.2,15.0,11.3,3.1,23.5,25.4,7.4,True
Eric Bledsoe,2010.0,2010,18.0,PG,183.5,86.9,201.9,248.9,,,9.0,,,21.6,24.8,5.6,True
Omar Quintero,,2004,,PG,177.2,77.1,181.6,235.0,63.5,73.7,2.0,11.4,3.2,,,14.1,False
James Anderson,2010.0,2010,20.0,SF,194.9,94.2,204.5,264.2,76.2,90.2,14.0,11.9,3.2,21.6,18.4,7.9,True
Demetrius Jackson,2016.0,2016,45.0,PG,182.9,87.9,196.8,236.2,95.2,110.5,,10.8,3.2,21.0,22.9,6.5,True
Chase Budinger,2009.0,2009,44.0,SF-SG,198.8,93.6,200.7,256.5,74.9,97.8,10.0,11.1,3.2,,,10.0,True
Ronny Turiaf,2005.0,2005,37.0,PF,203.2,107.9,217.2,270.5,77.5,83.8,15.0,11.5,3.2,,,,True
Lazaros Papadopoulos,,2001,,C-PF,208.9,103.0,219.7,280.7,58.4,66.0,4.0,12.0,3.7,,,11.7,False
Pascal Siakam,2016.0,2016,27.0,PF,203.8,102.8,221.6,273.0,77.5,92.7,,11.2,3.4,23.5,25.4,5.2,True
Carlos Boozer,2002.0,2002,34.0,PF,202.6,117.0,219.1,275.6,67.3,72.4,13.0,10.8,3.3,,,,True
Cleanthony Early,2014.0,2014,34.0,SF,198.1,95.0,210.2,257.8,86.4,101.6,,11.2,3.2,21.6,22.9,4.4,True
Quinndary Weatherspoon,2019.0,2019,49.0,SG,190.5,93.7,205.7,254.0,78.7,96.5,,11.6,3.2,21.6,22.9,6.1,True
Terence Davis,,2019,,SG,190.5,87.3,205.1,256.5,74.9,86.4,13.0,10.7,3.3,23.5,27.3,4.1,False
Bruno Fernando,2019.0,2018,34.0,C,205.1,105.8,224.2,276.9,73.7,88.9,11.0,12.2,3.2,24.1,25.4,5.2,True
Delon Wright,2015.0,2015,20.0,PG,193.7,82.3,201.9,257.8,74.9,78.7,4.0,11.2,3.3,20.3,21.6,6.6,True
Tony Wroten,2012.0,2012,25.0,PG,194.9,92.2,205.7,256.5,76.2,90.2,0.0,10.8,3.2,20.3,22.9,5.2,True
Ronnie Brewer,2006.0,2006,14.0,SG-PG,197.5,101.2,211.5,262.9,88.9,104.1,19.0,11.3,3.1,,,5.0,True
Taurean Green,2007.0,2007,52.0,PG,180.3,78.5,188.6,243.8,73.7,82.6,8.0,11.3,3.3,,,4.6,True
Jonny Flynn,2009.0,2009,6.0,PG,181.0,88.7,193.0,242.6,83.8,101.6,10.0,10.9,3.2,,,6.3,True
Gary Trent,2018.0,2018,37.0,SG,193.7,92.6,205.1,248.9,85.1,100.3,12.0,11.4,3.1,21.6,24.1,7.0,True
Perry Ellis,,2016,,PF,200.7,98.8,208.9,259.1,81.3,96.5,,10.7,3.1,20.3,21.6,4.6,False
Lavor Postell,2000.0,2000,39.0,SG,194.3,93.0,204.5,257.8,85.1,92.7,17.0,11.8,3.3,,,,True
Brendan Haywood,2001.0,2001,20.0,C,212.7,120.7,229.9,288.3,68.6,72.4,17.0,12.9,3.5,,,12.9,True
Ronald Steele,,2008,,PG,183.5,83.2,193.7,247.6,63.5,74.9,5.0,11.1,3.3,,,8.1,False
Quincy Miller,2012.0,2012,38.0,SF,205.1,99.2,216.5,266.7,77.5,91.4,8.0,11.0,3.5,23.5,26.0,7.8,True
Cameron Johnson,2019.0,2019,11.0,SG,200.7,93.1,208.3,261.6,77.5,92.7,,10.5,3.3,20.3,21.6,5.8,True
Kenyon Martin Jr.,2020.0,2020,52.0,SF-PF,198.1,96.7,201.3,259.1,80.0,97.8,,11.9,3.2,21.6,22.2,5.9,True
Michael Wright,,2001,,PF,200.7,112.0,212.1,270.5,69.8,85.1,18.0,11.4,3.2,,,9.3,False
Mason Plumlee,2013.0,2013,22.0,C-PF,211.5,108.0,210.8,274.3,77.5,91.4,14.0,10.9,3.3,24.8,24.1,6.2,True
Brook Lopez,2008.0,2008,10.0,C,211.5,117.0,227.3,287.0,69.8,77.5,7.0,12.8,3.6,,,6.3,True
Robert Covington,,2013,,SF-PF,198.8,94.6,217.8,269.2,74.9,91.4,9.0,11.7,3.3,22.9,21.6,4.7,False
Tiago Splitter,,2004,,C-PF,208.9,105.7,218.4,278.1,66.0,80.0,8.0,11.6,3.4,,,5.3,False
Joseph Jones,,2008,,PF,200.7,108.9,214.0,271.8,64.8,78.7,16.0,11.6,3.3,,,12.2,False
James Ennis,2013.0,2013,50.0,SF,197.5,91.1,212.1,265.4,74.9,92.7,7.0,11.6,3.4,21.6,22.2,4.5,True
Terrance Ferguson,2017.0,2017,21.0,SG-SF,196.8,83.6,205.1,261.6,72.4,96.5,,11.2,3.3,21.6,25.4,5.8,True
Jeff Newton,,2003,,PF,203.2,90.3,215.9,269.2,69.8,86.4,9.0,11.2,3.2,,,5.3,False
Josh Okogie,2018.0,2018,20.0,SG,190.5,95.6,213.4,259.1,83.8,106.7,12.0,11.1,3.0,22.9,24.8,5.2,True
Zach Marbury,,2001,,PG-SG,186.1,83.0,191.8,245.1,83.8,92.7,0.0,11.5,3.1,,,6.7,False
Yoeli Childs,,2020,,PF,198.1,102.7,212.1,269.2,86.4,97.8,,10.9,3.2,22.2,25.4,8.2,False
Travis Diener,2005.0,2005,38.0,PG-SG,182.2,74.9,182.2,237.5,62.2,78.7,1.0,10.8,3.3,,,,True
Darius Bazley,2019.0,2019,23.0,PF,202.6,94.5,213.4,271.8,77.5,94.0,4.0,11.1,3.3,22.9,24.8,3.6,True
Marcus Melvin,,2004,,SF-PF,200.0,109.3,213.4,268.0,63.5,77.5,11.0,11.8,3.3,,,10.5,False
Melo Trimble,,2016,,PG,186.1,87.0,188.0,235.0,67.3,90.2,,10.6,3.2,20.3,22.2,8.4,False
James Johnson,2009.0,2009,16.0,SF-PF,200.7,116.7,215.3,268.0,77.5,88.9,18.0,11.2,3.2,,,12.0,True
Marcus Morris,2011.0,2011,14.0,PF-SF,200.7,104.1,208.3,268.0,73.7,83.8,11.0,,3.2,21.0,21.6,8.0,True
James Harden,2009.0,2009,3.0,SG,193.0,100.7,210.2,262.9,80.0,94.0,17.0,11.1,3.1,,,10.1,True
DeJuan Blair,2009.0,2009,37.0,PF,196.2,125.5,218.4,270.5,66.0,83.8,18.0,11.5,3.4,,,12.0,True
Zeke Nnaji,2020.0,2020,22.0,PF-C,206.4,111.9,218.4,268.0,83.8,96.5,,10.9,3.2,22.9,26.7,5.9,True
Ronald Murray,2002.0,2002,41.0,SG,190.5,89.4,201.9,255.3,78.7,92.7,9.0,11.1,3.2,,,,True
Derrick Zimmerman,2003.0,2003,40.0,PG,185.4,86.2,205.7,244.5,86.4,102.9,13.0,11.1,3.1,,,5.3,True
Michael Qualls,,2015,,SG-SF,193.0,91.4,214.0,265.4,86.4,100.3,9.0,11.9,3.2,22.9,26.0,4.0,False
Troy Ostler,,2001,,PF-SF,205.1,90.7,217.2,270.5,67.3,74.9,2.0,13.4,3.5,,,8.0,False
Grayson Allen,2018.0,2018,21.0,SG,190.5,89.8,201.3,246.4,82.6,102.9,,10.3,3.2,21.0,25.4,5.6,True
Stephane Lasme,2007.0,2007,46.0,PF,195.6,96.6,218.4,271.8,74.9,91.4,17.0,11.7,3.2,,,4.9,True
Nick George,,2006,,SF-SG,193.0,91.2,208.3,261.6,77.5,96.5,14.0,11.7,3.2,,,6.0,False
Xavier Tillman Sr.,2020.0,2020,35.0,PF-C,201.9,120.9,218.4,269.2,66.0,82.6,,11.8,3.5,26.0,27.9,8.5,True
Cassius Stanley,2020.0,2020,54.0,SG,195.6,91.4,200.7,252.7,87.6,111.8,,11.4,3.1,21.0,22.9,5.8,True
O'Shae Brissett,,2019,,SF-PF,200.7,92.2,213.4,264.2,86.4,95.2,11.0,11.3,3.5,22.9,24.1,2.9,False
Trevor Harvey,,2003,,C-PF,207.0,111.1,215.9,278.1,74.9,81.3,11.0,11.8,3.3,,,10.5,False
Vincent Yarbrough,2002.0,2002,32.0,SF,196.8,91.6,214.6,265.4,76.2,86.4,10.0,11.7,3.3,,,,True
Brian Bowen,,2018,,SG-SF,198.8,91.6,208.9,262.9,77.5,86.4,0.0,11.6,3.3,22.9,25.4,7.6,False
Chris Taft,2005.0,2005,42.0,PF,204.5,118.4,217.8,276.9,72.4,83.8,14.0,11.3,3.3,,,,True
Ron Baker,,2016,,SG,191.1,96.3,207.6,247.6,76.2,90.2,,10.8,3.4,22.2,24.1,7.8,False
Naji Marshall,,2020,,SF,197.5,105.9,215.3,260.4,72.4,88.9,,11.8,3.4,23.5,26.7,8.7,False
Will Blalock,2006.0,2006,60.0,PG,181.0,88.0,198.1,245.1,88.9,101.6,8.0,11.1,3.2,,,7.2,True
Rodrigue Beaubois,2009.0,2009,25.0,PG,186.1,82.7,207.6,254.0,74.9,99.1,3.0,10.5,3.2,,,7.9,True
Tyus Battle,,2018,,SG,195.6,90.8,205.7,259.1,81.3,95.2,9.0,11.0,3.1,21.6,23.5,4.0,False
Rawle Alkins,,2017,,SG-SF,189.2,101.0,205.1,251.5,80.0,102.9,7.0,12.0,3.3,22.2,25.4,11.0,False
Fab Melo,2012.0,2012,22.0,C,210.2,115.7,219.7,279.4,74.9,78.7,9.0,12.1,3.4,22.9,25.4,9.2,True
Steven Smith,,2006,,SF-PF,201.9,108.0,214.6,264.2,74.9,87.6,15.0,12.1,3.4,,,7.8,False
Norris Cole,2011.0,2011,28.0,PG,183.5,79.1,188.6,242.6,74.9,97.8,11.0,10.1,3.2,21.6,24.1,4.7,True
Kris Humphries,2004.0,2004,14.0,PF,203.8,108.0,214.6,270.5,74.9,91.4,22.0,11.3,3.2,,,6.7,True
Devon Dotson,,2019,,PG,182.9,81.0,191.1,242.6,76.2,97.8,7.0,10.6,3.0,21.0,24.1,5.9,False
Jay Williams,2002.0,2002,2.0,PG,183.5,89.4,191.8,246.4,72.4,91.4,10.0,10.3,3.1,,,,True
Danny Granger,2005.0,2005,17.0,,201.9,102.2,217.2,261.6,78.7,86.4,10.0,10.8,3.3,,,,True
Sean Dockery,,2006,,PG-SG,184.8,82.6,194.3,242.6,73.7,83.8,4.0,10.9,3.3,,,7.3,False
Igor Rakocevic,2000.0,2000,51.0,PG,189.2,83.5,196.2,254.0,69.8,86.4,9.0,10.4,3.1,,,,True
A.J. Price,2009.0,2009,52.0,PG,184.2,87.5,192.4,246.4,66.0,78.7,11.0,11.0,3.2,,,12.4,True
Pops Mensah-Bonsu,,2006,,PF-C,201.9,105.2,213.4,268.0,80.0,91.4,19.0,11.5,3.3,,,5.8,False
Kyle Guy,2019.0,2019,55.0,SG,184.8,76.1,194.3,242.6,77.5,92.7,4.0,10.5,3.3,20.3,22.2,5.7,True
Kadeem Allen,2017.0,2017,53.0,PG,185.4,87.3,206.4,252.7,83.8,90.2,7.0,11.2,3.2,21.6,22.2,6.4,True
Erik Daniels,,2004,,SF-PF,198.8,101.2,210.8,269.2,78.7,81.3,4.0,11.4,3.2,,,18.5,False
Taquan Dean,,2006,,SG-PG,188.0,83.0,200.0,248.9,77.5,87.6,16.0,10.5,3.2,,,3.9,False
Josh Smith,2004.0,2004,17.0,SG-SF,200.7,100.2,213.4,270.5,82.6,100.3,12.0,11.4,3.2,,,6.7,True
Jeremy Lamb,2012.0,2012,12.0,SG,193.0,81.3,210.8,259.1,80.0,96.5,5.0,11.0,3.2,22.2,23.5,4.5,True
Brandon Paul,,2013,,SG,189.9,91.2,208.9,248.9,85.1,100.3,15.0,11.2,3.4,21.6,24.1,5.2,False
TJ Cummings,,2004,,SF,201.9,97.5,207.0,270.5,68.6,78.7,6.0,11.6,3.1,,,6.7,False
Renaldas Seibutis,,2007,,SG,193.0,83.9,205.1,256.5,61.0,82.6,1.0,11.3,3.4,,,6.1,False
V.J. Beachem,,2017,,SG-SF,198.8,87.7,208.9,265.4,76.2,94.0,11.0,11.2,3.3,21.6,22.9,6.8,False
Chris Porter,2000.0,2000,55.0,SF-PF,196.8,97.1,207.0,262.9,72.4,88.9,6.0,10.9,3.2,,,,True
Jordan Adams,2014.0,2014,22.0,SG,191.8,94.7,208.3,259.1,62.2,74.9,,12.1,3.5,21.6,19.0,10.8,True
Grant Jerrett,2013.0,2013,40.0,PF,205.1,105.2,218.4,276.9,72.4,86.4,2.0,11.8,3.5,21.6,23.5,10.0,True
Drago Pasalic,,2004,,PF,206.4,104.8,212.1,274.3,64.8,76.2,8.0,13.0,3.6,,,12.9,False
Jordan Farmar,2006.0,2006,26.0,PG,184.8,77.6,190.5,240.0,85.1,106.7,11.0,11.1,3.2,,,4.4,True
Brian Butch,,2008,,C-PF,207.0,104.1,211.5,274.3,61.0,67.3,9.0,11.9,3.5,,,10.8,False
Deshaun Thomas,2013.0,2013,58.0,SF,195.6,99.7,208.3,264.2,72.4,81.3,5.0,12.9,3.5,20.3,22.2,9.1,True
Patrick McCaw,2016.0,2016,38.0,PG-SG,196.2,82.0,208.3,255.3,76.2,96.5,,11.0,3.3,22.2,22.2,4.7,True
DaShaun Wood,,2007,,PG,179.7,75.7,184.8,233.7,80.0,87.6,13.0,11.4,3.2,,,5.4,False
Marko Jaric,2000.0,2000,30.0,SG-SF,199.4,95.3,205.7,264.2,69.8,83.8,,11.3,3.3,,,,True
Hollis Thompson,,2012,,SF,200.0,93.4,207.0,260.4,72.4,92.7,6.0,11.7,3.4,21.0,24.8,6.0,False
Melvin Frazier,2018.0,2018,35.0,SF-SG,194.3,89.9,217.8,266.7,78.7,102.9,0.0,11.2,3.1,24.1,24.1,7.9,True
Marcelus Kemp,,2008,,SG,190.5,100.2,204.5,262.9,66.0,76.2,9.0,11.8,3.4,,,9.0,False
Rashad McCants,2005.0,2005,14.0,SG,189.9,91.2,210.2,262.9,82.6,87.6,15.0,10.4,3.1,,,,True
Dwyane Wade,2003.0,2003,5.0,SG-SF,192.4,96.2,210.2,259.1,80.0,88.9,9.0,10.6,3.1,,,6.7,True
Devonte Graham,2018.0,2018,34.0,PG,183.5,84.5,198.8,243.8,78.7,94.0,14.0,11.3,3.2,21.6,24.1,4.8,True
Devin Robinson,,2017,,SF,200.7,86.0,215.3,269.2,90.2,105.4,10.0,12.8,3.2,23.5,26.0,3.2,False
LaQuinton Ross,,2014,,SF,199.4,108.3,217.8,269.2,63.5,78.7,,12.0,3.4,22.2,24.8,16.3,False
Paul Eboua,,2020,,SF-PF,198.1,100.8,222.2,274.3,83.8,90.2,,10.8,3.2,22.9,26.0,3.8,False
Nick Collison,2003.0,2003,12.0,PF,205.1,115.7,217.2,274.3,71.1,83.8,8.0,11.6,3.3,,,17.0,True
Patrick Patterson,2010.0,2010,14.0,PF,203.2,108.7,216.5,271.8,72.4,85.1,17.0,11.1,3.2,23.5,26.0,5.3,True
KZ Okpala,2019.0,2019,32.0,SF,201.3,95.1,217.8,270.5,77.5,94.0,9.0,10.9,3.4,23.5,23.5,4.6,True
Sylven Landesberg,,2010,,SG,194.9,95.3,205.7,255.3,71.1,81.3,8.0,11.6,3.4,22.2,27.3,11.6,False
Terence Dials,,2006,,PF-C,202.6,114.8,213.4,269.2,67.3,76.2,16.0,11.5,3.5,,,15.8,False
Alize Johnson,2018.0,2018,50.0,PF,201.3,98.2,205.1,261.6,63.5,78.7,8.0,11.8,3.4,21.6,24.8,8.1,True
Tyler Dorsey,2017.0,2017,41.0,SG,190.5,82.8,196.2,252.7,77.5,91.4,8.0,10.6,3.2,21.6,23.5,4.7,True
Taj Gray,,2006,,PF-SF,201.3,104.8,215.3,271.8,72.4,83.8,10.0,11.0,3.4,,,6.8,False
Chimezie Metu,2018.0,2018,49.0,PF-C,204.5,99.6,214.6,274.3,74.9,91.4,5.0,11.9,3.3,22.9,23.5,5.0,True
Artsiom Parakhouski,,2010,,C,208.9,121.7,215.9,278.1,64.8,67.3,16.0,12.1,3.3,22.9,26.7,6.0,False
TJ McConnell,,2015,,PG,184.2,85.2,188.0,245.1,66.0,80.0,7.0,11.0,3.3,19.0,17.8,7.3,False
Tyler Zeller,2012.0,2012,17.0,PF-C,211.5,112.2,213.4,265.4,76.2,86.4,16.0,11.1,3.4,22.9,24.8,6.4,True
Caleb Swanigan,2017.0,2016,26.0,PF,201.9,111.9,222.2,271.8,66.0,73.7,,12.8,,22.9,26.0,12.6,True
Ed Davis,2010.0,2010,13.0,PF,205.7,102.8,213.4,274.3,78.7,91.4,,11.7,3.2,23.5,25.4,10.0,True
Renaldo Balkman,2006.0,2006,20.0,SF-PF,196.2,93.4,215.9,265.4,77.5,88.9,9.0,11.6,3.2,,,4.9,True
Arthur Johnson,,2004,,PF-C,200.7,118.8,221.0,276.9,67.3,72.4,14.0,11.8,3.4,,,16.3,False
Keydren Clark,,2006,,PG,175.3,83.5,189.2,235.0,78.7,86.4,13.0,11.0,3.1,,,11.6,False
Marcus Denmon,2012.0,2012,59.0,SG,188.6,85.4,195.6,240.0,85.1,101.6,8.0,10.8,3.2,21.0,24.8,6.6,True
Charles Matthews,,2019,,SG,195.6,88.4,207.0,261.6,74.9,95.2,9.0,11.3,3.4,21.6,22.2,3.8,False
Glenn Robinson III,2014.0,2014,40.0,SF,196.8,95.9,208.3,255.3,92.7,105.4,,11.2,3.2,22.9,24.1,5.0,True
Antanas Kavaliauskas,,2007,,PF,205.7,107.5,209.6,270.5,64.8,76.2,19.0,11.2,3.4,,,7.7,False
Ivan Radenovic,,2007,,PF,205.7,102.5,212.7,269.2,58.4,71.1,7.0,11.6,3.6,,,9.8,False
Maurice Harkless,2012.0,2012,15.0,SF,201.3,93.7,213.4,260.4,82.6,94.0,5.0,10.9,3.2,23.5,26.0,5.3,True
Ray Spalding,2018.0,2018,56.0,PF,205.7,97.7,225.4,276.9,66.0,81.3,12.0,11.5,3.3,23.5,22.9,5.6,True
Rashad Anderson,,2006,,SG,191.1,101.6,200.7,254.0,69.8,82.6,13.0,11.8,3.5,,,17.3,False
Enes Kanter,2011.0,2011,3.0,PF-C,207.6,117.6,217.2,278.1,66.0,82.6,14.0,11.3,3.3,24.1,27.3,5.9,True
Wesley Wilson,,2003,,C-PF,208.9,116.6,221.0,280.7,68.6,77.5,20.0,12.2,3.3,,,12.4,False
Charlie Villanueva,2005.0,2005,7.0,PF-SF,205.7,107.3,214.0,276.9,66.0,78.7,11.0,10.9,3.3,,,,True
Bruno Fernando,2019.0,2019,34.0,C,205.1,107.5,221.6,279.4,74.9,85.1,13.0,11.3,3.2,23.5,25.4,5.4,True
Kobi Simmons,,2017,,PG,191.1,75.4,198.1,251.5,77.5,97.8,3.0,11.2,3.2,21.6,24.1,5.0,False
Daniel Gafford,2019.0,2019,38.0,PF,206.4,107.8,219.7,279.4,82.6,92.7,5.0,11.6,3.2,23.5,23.5,5.9,True
Nate Williams,,2004,,PF-SF,204.5,108.9,217.2,278.1,59.7,66.0,1.0,12.6,3.4,,,12.4,False
James Mays,,2008,,PF,200.0,103.0,217.8,266.7,74.9,88.9,13.0,11.2,3.2,,,8.8,False
Jerry Green,,2001,,PG-SG,186.7,81.2,198.8,251.5,72.4,88.9,13.0,11.7,3.2,,,5.5,False
Kwame Brown,2001.0,2001,1.0,PF-C,208.3,110.2,215.9,274.3,76.2,83.8,17.0,11.6,3.4,,,8.9,True
Reggie Perry,2020.0,2019,57.0,SF-PF,203.2,113.8,214.6,269.2,72.4,80.0,15.0,12.5,3.3,22.9,25.4,6.7,True
Hamidou Diallo,2018.0,2017,45.0,SG-SF,192.4,89.5,211.5,257.8,87.6,113.0,0.0,10.9,3.1,21.6,24.1,5.2,True
Kirk Haston,2001.0,2001,16.0,PF-SF,203.2,109.8,214.0,269.2,68.6,80.0,11.0,12.2,3.4,,,10.5,True
